roadmap,rule,validated,parent_key,parent_type,parent_label,child_key,child_label,evidence
linux,R1,True,linux:HGmeYvRf7_XusZl_K4x9k,topic,Editing Files,linux:XiZz7EFIey1XKS292GN4t,Vim,"{""siblings_with_explicit_parent"": [""yqRwmcZThjQuqh2ao0dWK""]}"
linux,R1,True,linux:jSzfQf0MlnXtWHCc-HYvr,topic,Server Review,linux:WwybfdKuP9ogCGpT7d3NU,Authentication Logs,"{""siblings_with_explicit_parent"": [""19lTWqAvZFT2CDlhLlPSq""]}"
linux,R1,True,linux:jSzfQf0MlnXtWHCc-HYvr,topic,Server Review,linux:ewUuI_x-YhOQIYd3MTgJJ,Services Running,"{""siblings_with_explicit_parent"": [""19lTWqAvZFT2CDlhLlPSq""]}"
linux,R1,True,linux:jSzfQf0MlnXtWHCc-HYvr,topic,Server Review,linux:tx0nh6cbBjVxwNlyrBNYm,Available Memory / Disk,"{""siblings_with_explicit_parent"": [""19lTWqAvZFT2CDlhLlPSq""]}"
linux,R1,True,linux:h01Y6dW09ChidlM2HYoav,topic,Process Management,linux:lf3_CRyOI2ZXGzz5ff451,Listing / Finding Processes,"{""siblings_with_explicit_parent"": [""mUKoiGUTpIaUgQNF3BND_""]}"
linux,R1,True,linux:h01Y6dW09ChidlM2HYoav,topic,Process Management,linux:VkLWTvKnRXzvLGWza2v45,Process Signals,"{""siblings_with_explicit_parent"": [""mUKoiGUTpIaUgQNF3BND_""]}"
linux,R1,True,linux:h01Y6dW09ChidlM2HYoav,topic,Process Management,linux:0FLUI9r7znMqi6YKReLzD,Killing Processes,"{""siblings_with_explicit_parent"": [""mUKoiGUTpIaUgQNF3BND_""]}"
linux,R1,True,linux:h01Y6dW09ChidlM2HYoav,topic,Process Management,linux:5anSYRhaKIs3dCLWlvZfT,Process Priorities,"{""siblings_with_explicit_parent"": [""mUKoiGUTpIaUgQNF3BND_""]}"
linux,R1,True,linux:h01Y6dW09ChidlM2HYoav,topic,Process Management,linux:Rib7h9lh_ndiXkwNbftz_,Process Forking,"{""siblings_with_explicit_parent"": [""mUKoiGUTpIaUgQNF3BND_""]}"
linux,R5,False,linux:4eINX8jYMJxfYh7ZV47YI,topic,Package Management,linux:2oQiuQ2j02SCt9t5eV6hg,Package Repositories,"{""lines"": [""CSVnyS5MDoz4YRQLSDgEt""]}"
linux,R5,False,linux:4eINX8jYMJxfYh7ZV47YI,topic,Package Management,linux:Z23eJZjmWoeXQuezR9AhG,Finding & Installing Packages,"{""lines"": [""CSVnyS5MDoz4YRQLSDgEt""]}"
linux,R5,False,linux:4eINX8jYMJxfYh7ZV47YI,topic,Package Management,linux:48wAoAAlCNt3j5mBpKTWC,Listing Installed Packages,"{""lines"": [""CSVnyS5MDoz4YRQLSDgEt""]}"
linux,R5,False,linux:4eINX8jYMJxfYh7ZV47YI,topic,Package Management,linux:eKyMZn30UxQeBZQ7FxFbF,Snap,"{""lines"": [""CSVnyS5MDoz4YRQLSDgEt""]}"
linux,R5,False,linux:Fn_uYKigJRgb7r_iYGVBr,topic,Disks and Filesystems,linux:AWosNs2nvDGV8r6WvgBI1,Swap,"{""lines"": [""5xQ5fcVJsUgSPyTR0Uu9u""]}"
linux,R5,False,linux:Fn_uYKigJRgb7r_iYGVBr,topic,Disks and Filesystems,linux:4xBaZPk0eSsWG1vK3e2yW,Adding Disks,"{""lines"": [""0RUdgwm8iZ-ESxhdnWmLE""]}"
linux,R1,True,linux:Mb42VFjCzMZn_PovKIfKx,topic,Networking,linux:X6Jw95kbyPgsDNRhvkQP9,DHCP,"{""siblings_with_explicit_parent"": [""D0yUzzaJsfhtdBWMtquAj""]}"
linux,R1,True,linux:Mb42VFjCzMZn_PovKIfKx,topic,Networking,linux:bZ8Yj6QfBeDdh8hRM_aZs,Netfilter,"{""siblings_with_explicit_parent"": [""f5oQYhmjNM2_FD7Qe1zGK"", ""uk6UMuI8Uhf02TBAGVeLS""]}"
linux,R1,True,linux:4tFZ1PLpz50bddf7zSFrW,topic,Shell Programming,linux:-pW7R76yNIeGf7TQoX4QL,Literals,"{""siblings_with_explicit_parent"": [""rOGnHbGIr3xPCFdpkqoeK""]}"
linux,R1,True,linux:4tFZ1PLpz50bddf7zSFrW,topic,Shell Programming,linux:JyxvZOb7iusOSUYSlniGl,Variables,"{""siblings_with_explicit_parent"": [""rOGnHbGIr3xPCFdpkqoeK""]}"
linux,R1,True,linux:4tFZ1PLpz50bddf7zSFrW,topic,Shell Programming,linux:WJT-yrMq8cEI87RHWA2jY,Loops,"{""siblings_with_explicit_parent"": [""rOGnHbGIr3xPCFdpkqoeK""]}"
linux,R1,True,linux:4tFZ1PLpz50bddf7zSFrW,topic,Shell Programming,linux:rQxfp7UWqN72iqewZhOdc,Conditionals,"{""siblings_with_explicit_parent"": [""rOGnHbGIr3xPCFdpkqoeK""]}"
linux,R1,True,linux:bdQNcr1sj94aX_gjwf2Fa,topic,Troubleshooting,linux:Uc36t92UAlILgM3_XxcMG,ping,"{""siblings_with_explicit_parent"": [""7seneb4TWts4v1_x8xlcZ"", ""BnB3Rirh4R7a7LW7-k-95"", ""Ymf3u_sG1dyt8ZR_LbwqJ"", ""yrxNYMluJ9OAQCKuM5W1u""]}"
linux,R1,True,linux:3OpGaQhyNtk1n1MLp-tlb,topic,Containerization,linux:QgfenmhMc18cU_JngQ1n0,ulimits,"{""siblings_with_explicit_parent"": [""MfengY3ouz6sSOx3PXYf8""]}"
linux,R1,True,linux:3OpGaQhyNtk1n1MLp-tlb,topic,Containerization,linux:23lsrUw8ux6ZP9JlDNNu2,cgroups,"{""siblings_with_explicit_parent"": [""MfengY3ouz6sSOx3PXYf8""]}"
linux,R1,True,linux:3OpGaQhyNtk1n1MLp-tlb,topic,Containerization,linux:bVCwRoFsYb3HD8X4xuKOo,Container Runtime,"{""siblings_with_explicit_parent"": [""MfengY3ouz6sSOx3PXYf8""]}"
network-engineer,R3,False,network-engineer:0BPBSnyYnEAScnqZ8q5ZX,topic,What are Networks?,network-engineer:6Wfv3THDhldz_9M6Hv1Gr,LAN,"{""section"": ""Ed0rAx2EJ_9C793Za8T_w"", ""section_edges"": [""xy-edge__0BPBSnyYnEAScnqZ8q5ZXz2-Ed0rAx2EJ_9C793Za8T_wy1""]}"
network-engineer,R3,False,network-engineer:0BPBSnyYnEAScnqZ8q5ZX,topic,What are Networks?,network-engineer:usgE8mpRUSLMRv7d0kXy3,MAN,"{""section"": ""Ed0rAx2EJ_9C793Za8T_w"", ""section_edges"": [""xy-edge__0BPBSnyYnEAScnqZ8q5ZXz2-Ed0rAx2EJ_9C793Za8T_wy1""]}"
network-engineer,R3,False,network-engineer:0BPBSnyYnEAScnqZ8q5ZX,topic,What are Networks?,network-engineer:fLXIQLKecjWUvjIWUaF9r,PAN,"{""section"": ""Ed0rAx2EJ_9C793Za8T_w"", ""section_edges"": [""xy-edge__0BPBSnyYnEAScnqZ8q5ZXz2-Ed0rAx2EJ_9C793Za8T_wy1""]}"
network-engineer,R3,False,network-engineer:0BPBSnyYnEAScnqZ8q5ZX,topic,What are Networks?,network-engineer:b2HXcIkkjJB8WhHbrVesk,VPN ,"{""section"": ""Ed0rAx2EJ_9C793Za8T_w"", ""section_edges"": [""xy-edge__0BPBSnyYnEAScnqZ8q5ZXz2-Ed0rAx2EJ_9C793Za8T_wy1""]}"
network-engineer,R1,True,network-engineer:2b4Bbs-I8k62zOF97Z_uZ,topic,Network Devices,network-engineer:4iXennqlVoVVKcV1vCUmP,Switches,"{""siblings_with_explicit_parent"": [""XPOTGRx3lpaHHNlzlMTPq"", ""p9J57XYINH7TYgjw9G-r8"", ""s_y5I8OZAsmFqj3zier2B""]}"
network-engineer,R1,True,network-engineer:2b4Bbs-I8k62zOF97Z_uZ,topic,Network Devices,network-engineer:5aZe1jNCH2cM-8ZCYeI-e,Modems,"{""siblings_with_explicit_parent"": [""XPOTGRx3lpaHHNlzlMTPq"", ""p9J57XYINH7TYgjw9G-r8"", ""s_y5I8OZAsmFqj3zier2B""]}"
network-engineer,R1,True,network-engineer:d93bl-7gSB8lu43BQlqvY,topic,Subnetting,network-engineer:tXjRU0HJ2d9RWxuOQ79wH,VLSM,"{""siblings_with_explicit_parent"": [""KpifvB6Yn9u32TRBX9hMs"", ""y43H6qnMn4qUTjInlGR04"", ""zX1S1ZXm8vTcyXhRvYZGv""]}"
network-engineer,R1,True,network-engineer:rbm4cELHUgaL_Gl9uuLq1,topic,Routing,network-engineer:vplU66XdAm84SWTcS092H,SD-WAN,"{""siblings_with_explicit_parent"": [""Z9B1TI61zhm7Vp-yur0pD"", ""n3fdYKpMFSkcasrqokPO8""]}"
network-engineer,R1,True,network-engineer:rbm4cELHUgaL_Gl9uuLq1,topic,Routing,network-engineer:dwqMxvPbs-s2c6sgoPz-s,VRFs,"{""siblings_with_explicit_parent"": [""Z9B1TI61zhm7Vp-yur0pD"", ""n3fdYKpMFSkcasrqokPO8""]}"
network-engineer,R1,True,network-engineer:rbm4cELHUgaL_Gl9uuLq1,topic,Routing,network-engineer:OZICDRrSq-KJNAGTlmwr7,OSPF,"{""siblings_with_explicit_parent"": [""koRzHVPTKTNmTt8dC-h3m"", ""uH-ufJAMyoqDlx7RzYsnX""]}"
network-engineer,R1,True,network-engineer:rbm4cELHUgaL_Gl9uuLq1,topic,Routing,network-engineer:tgLkAZB5G4XZj_2QS9mnZ,EIGRP,"{""siblings_with_explicit_parent"": [""koRzHVPTKTNmTt8dC-h3m"", ""uH-ufJAMyoqDlx7RzYsnX""]}"
network-engineer,R1,True,network-engineer:rbm4cELHUgaL_Gl9uuLq1,topic,Routing,network-engineer:gCdUfkMlZwamhOpM5aUqr,BGP ,"{""siblings_with_explicit_parent"": [""koRzHVPTKTNmTt8dC-h3m"", ""uH-ufJAMyoqDlx7RzYsnX""]}"
network-engineer,R1,True,network-engineer:TLfYI5HUUJBj1MNywlT3Z,topic,Switching,network-engineer:x0bAdjSBNfZ4gm1CwnPBK,VLANs,"{""siblings_with_explicit_parent"": [""DM50xKwBoRZa0_JdQi07v"", ""Yoj06pntnFzv2NDlr6seC"", ""h4_EMwTv7j_06MsBhURvg""]}"
network-engineer,R1,True,network-engineer:TLfYI5HUUJBj1MNywlT3Z,topic,Switching,network-engineer:Q6BKksLt1FrJQb0hv_KPn,VXLAN,"{""siblings_with_explicit_parent"": [""DM50xKwBoRZa0_JdQi07v"", ""Yoj06pntnFzv2NDlr6seC"", ""h4_EMwTv7j_06MsBhURvg""]}"
network-engineer,R2,False,network-engineer:O7DewmKajaCWxQfeeyFtL,label,Wireless Technologies,network-engineer:VdAObqd1uue--xbej2M-f,Bluetooth,"{""section"": ""T-_Xdwnr4IrAc-Hpp8fXp""}"
network-engineer,R2,False,network-engineer:O7DewmKajaCWxQfeeyFtL,label,Wireless Technologies,network-engineer:85ZCXmzs67irYQ-Fqnxra,NFC,"{""section"": ""T-_Xdwnr4IrAc-Hpp8fXp""}"
network-engineer,R2,False,network-engineer:O7DewmKajaCWxQfeeyFtL,label,Wireless Technologies,network-engineer:29J7P_SMDppcBiJJ-WGOr,Zigbee & Z-Wave,"{""section"": ""T-_Xdwnr4IrAc-Hpp8fXp""}"
network-engineer,R2,False,network-engineer:O7DewmKajaCWxQfeeyFtL,label,Wireless Technologies,network-engineer:nBXPiMyDKkFtD25ReqUEF,Mobile Networks,"{""section"": ""T-_Xdwnr4IrAc-Hpp8fXp""}"
network-engineer,R2,False,network-engineer:O7DewmKajaCWxQfeeyFtL,label,Wireless Technologies,network-engineer:uEQVBbo3E7eBCyl_XVTuU,Hotspot and Tethering,"{""section"": ""T-_Xdwnr4IrAc-Hpp8fXp""}"
network-engineer,R2,False,network-engineer:O7DewmKajaCWxQfeeyFtL,label,Wireless Technologies,network-engineer:oPwP-9QV1xs6W00Gohfrl,LoRaWAN,"{""section"": ""T-_Xdwnr4IrAc-Hpp8fXp""}"
network-engineer,R2,False,network-engineer:O7DewmKajaCWxQfeeyFtL,label,Wireless Technologies,network-engineer:Vg-JGhGZLrYtZCdA-u5s4,Satellite,"{""section"": ""T-_Xdwnr4IrAc-Hpp8fXp""}"
network-engineer,R1,True,network-engineer:no6c8-vVBQSoe1ruutOxj,topic,High Availability,network-engineer:XqCdBCL2E8XSCVlwrOohL,VRRP,"{""siblings_with_explicit_parent"": [""R5dmATbOlYEFce7rQImiw"", ""pAnal6NJxnCxnNPDFEQ83""]}"
network-engineer,R1,True,network-engineer:no6c8-vVBQSoe1ruutOxj,topic,High Availability,network-engineer:pF3nA9VU7t32cgyrejntj,GLBP,"{""siblings_with_explicit_parent"": [""R5dmATbOlYEFce7rQImiw"", ""pAnal6NJxnCxnNPDFEQ83""]}"
network-engineer,R3,False,network-engineer:0BPBSnyYnEAScnqZ8q5ZX,topic,What are Networks?,network-engineer:1xOaztV7JJaXK9B6Wa4YQ,WAN,"{""section"": ""Ed0rAx2EJ_9C793Za8T_w"", ""section_edges"": [""xy-edge__0BPBSnyYnEAScnqZ8q5ZXz2-Ed0rAx2EJ_9C793Za8T_wy1""]}"
network-engineer,R3,False,network-engineer:0BPBSnyYnEAScnqZ8q5ZX,topic,What are Networks?,network-engineer:D_zZAYVkxB_SLTCuhqkZY,WLAN,"{""section"": ""Ed0rAx2EJ_9C793Za8T_w"", ""section_edges"": [""xy-edge__0BPBSnyYnEAScnqZ8q5ZXz2-Ed0rAx2EJ_9C793Za8T_wy1""]}"
network-engineer,R3,False,network-engineer:0BPBSnyYnEAScnqZ8q5ZX,topic,What are Networks?,network-engineer:9tkaAhzPhiiGUoL2LqbPb,SAN,"{""section"": ""Ed0rAx2EJ_9C793Za8T_w"", ""section_edges"": [""xy-edge__0BPBSnyYnEAScnqZ8q5ZXz2-Ed0rAx2EJ_9C793Za8T_wy1""]}"
network-engineer,R3,False,network-engineer:0BPBSnyYnEAScnqZ8q5ZX,topic,What are Networks?,network-engineer:GQNvSg3w5UUtpre_9_Pjl,Cloud,"{""section"": ""Ed0rAx2EJ_9C793Za8T_w"", ""section_edges"": [""xy-edge__0BPBSnyYnEAScnqZ8q5ZXz2-Ed0rAx2EJ_9C793Za8T_wy1""]}"
network-engineer,R3,False,network-engineer:0BPBSnyYnEAScnqZ8q5ZX,topic,What are Networks?,network-engineer:15Q1VPROHgjfaJkTLOfly,Client-Server Network,"{""section"": ""Ed0rAx2EJ_9C793Za8T_w"", ""section_edges"": [""xy-edge__0BPBSnyYnEAScnqZ8q5ZXz2-Ed0rAx2EJ_9C793Za8T_wy1""]}"
network-engineer,R3,False,network-engineer:0BPBSnyYnEAScnqZ8q5ZX,topic,What are Networks?,network-engineer:DaJDqRCvGNekZ-e6aDVZj,Peer-to-Peer Network,"{""section"": ""Ed0rAx2EJ_9C793Za8T_w"", ""section_edges"": [""xy-edge__0BPBSnyYnEAScnqZ8q5ZXz2-Ed0rAx2EJ_9C793Za8T_wy1""]}"
network-engineer,R1,True,network-engineer:ZYgCKyGUoxocad6iJw8x5,topic,Network Simulators,network-engineer:lK4h4bGgtUgH2QHEYomGN,EVE-NG,"{""siblings_with_explicit_parent"": [""cX0ZrSVpL8Xu0P8JaANyl"", ""rwwp_CinwcRXtJ_jv0rs7""]}"
network-engineer,R2,False,network-engineer:7GdIojiFAABO3E85-Dw2L,label,Troubleshooting Tools,network-engineer:h0E993-5ONxubc4NZEXjP,ping,"{""section"": ""xvrVB9hbGlA8jD_UKpJRC""}"
network-engineer,R2,False,network-engineer:7GdIojiFAABO3E85-Dw2L,label,Troubleshooting Tools,network-engineer:Do6-cQ3nXGjGSmGgDJ_eA,nslookup,"{""section"": ""xvrVB9hbGlA8jD_UKpJRC""}"
network-engineer,R2,False,network-engineer:7GdIojiFAABO3E85-Dw2L,label,Troubleshooting Tools,network-engineer:lzGbPjMP5mkCZsNpYM2yK,netstat,"{""section"": ""xvrVB9hbGlA8jD_UKpJRC""}"
network-engineer,R2,False,network-engineer:7GdIojiFAABO3E85-Dw2L,label,Troubleshooting Tools,network-engineer:Qcy3RjC0Queb5MxaLUMHp,speedtest,"{""section"": ""xvrVB9hbGlA8jD_UKpJRC""}"
network-engineer,R2,False,network-engineer:7GdIojiFAABO3E85-Dw2L,label,Troubleshooting Tools,network-engineer:gvMthdnaTxXOUKx4rAl6S,traceroute / tracert,"{""section"": ""xvrVB9hbGlA8jD_UKpJRC""}"
network-engineer,R2,False,network-engineer:7GdIojiFAABO3E85-Dw2L,label,Troubleshooting Tools,network-engineer:XZlgkympmXpmToDYel1sx,ipconfig / ifconfig,"{""section"": ""xvrVB9hbGlA8jD_UKpJRC""}"
network-engineer,R1,True,network-engineer:5ye5erjT8jOhptU_ZFY9E,topic,Cloud Networking Basics,network-engineer:ureyf-ZuLYApXDMh_772m,Azure,"{""siblings_with_explicit_parent"": [""YuiWVG6IB5tXBmQfZVM9m""]}"
network-engineer,R1,True,network-engineer:PQyKcqw8-NIxE3_MAr58j,topic,APIs for Networking,network-engineer:qhjlKPJPOHElfTyxGy0EZ,NETCONF,"{""siblings_with_explicit_parent"": [""UJTUgFFNTr-UdtwcUoOp-"", ""XmFsOi61Atcwx3G3EJVzC""]}"
network-engineer,R1,True,network-engineer:PQyKcqw8-NIxE3_MAr58j,topic,APIs for Networking,network-engineer:f6yRhyIy0tNx09oqUXH0u,RESTCONF,"{""siblings_with_explicit_parent"": [""UJTUgFFNTr-UdtwcUoOp-"", ""XmFsOi61Atcwx3G3EJVzC""]}"
software-architect,R1,True,software-architect:lBtlDFPEQvQ_xtLtehU0S,topic,Important Skills to Learn,software-architect:fBd2m8tMJmhuNSaakrpg4,Design & Architecture,"{""siblings_with_explicit_parent"": [""77KvWCA1oHSGgDKBTwjv7""]}"
software-architect,R1,True,software-architect:lBtlDFPEQvQ_xtLtehU0S,topic,Important Skills to Learn,software-architect:MSDo0nPk_ghRYkZS4MAQ_,Decision Making,"{""siblings_with_explicit_parent"": [""77KvWCA1oHSGgDKBTwjv7""]}"
software-architect,R1,True,software-architect:lBtlDFPEQvQ_xtLtehU0S,topic,Important Skills to Learn,software-architect:lrtgF1RTaS4TCKww0aY6C,Simplifying Things,"{""siblings_with_explicit_parent"": [""77KvWCA1oHSGgDKBTwjv7""]}"
software-architect,R1,True,software-architect:lBtlDFPEQvQ_xtLtehU0S,topic,Important Skills to Learn,software-architect:Ac49sOlQKblYK4FZuFHDR,Communication,"{""siblings_with_explicit_parent"": [""5D-kbQ520k1D3fCtD01T7""]}"
software-architect,R1,True,software-architect:lBtlDFPEQvQ_xtLtehU0S,topic,Important Skills to Learn,software-architect:m0ZYdqPFDoHOPo18wKyvV,Estimate and Evaluate,"{""siblings_with_explicit_parent"": [""5D-kbQ520k1D3fCtD01T7""]}"
software-architect,R1,True,software-architect:lBtlDFPEQvQ_xtLtehU0S,topic,Important Skills to Learn,software-architect:otHQ6ye1xgkI1qb4tEHVF,Balance,"{""siblings_with_explicit_parent"": [""5D-kbQ520k1D3fCtD01T7""]}"
software-architect,R1,True,software-architect:lBtlDFPEQvQ_xtLtehU0S,topic,Important Skills to Learn,software-architect:LSWlk9A3b6hco9Il_elao,Consult & Coach,"{""siblings_with_explicit_parent"": [""5D-kbQ520k1D3fCtD01T7""]}"
software-architect,R1,True,software-architect:lBtlDFPEQvQ_xtLtehU0S,topic,Important Skills to Learn,software-architect:YW6j3Sg511dXToTcwSnOS,Marketing Skills,"{""siblings_with_explicit_parent"": [""5D-kbQ520k1D3fCtD01T7""]}"
software-architect,R1,True,software-architect:uoDtVFThaV6OMK2wXGfP5,topic,Programming Languages,software-architect:a5DB_hsD4bAf8BtHNFNPo,Java / Kotlin / Scala / Swift,"{""siblings_with_explicit_parent"": [""D1IXOBUrrXf5bXhVu9cmI""]}"
software-architect,R1,True,software-architect:uoDtVFThaV6OMK2wXGfP5,topic,Programming Languages,software-architect:j2Ph2QcKwmKlbaMHz1l_i,Python,"{""siblings_with_explicit_parent"": [""D1IXOBUrrXf5bXhVu9cmI""]}"
software-architect,R1,True,software-architect:uoDtVFThaV6OMK2wXGfP5,topic,Programming Languages,software-architect:U_Hmzfjjs1jVtu2CZ0TlG,Ruby,"{""siblings_with_explicit_parent"": [""D1IXOBUrrXf5bXhVu9cmI""]}"
software-architect,R1,True,software-architect:uoDtVFThaV6OMK2wXGfP5,topic,Programming Languages,software-architect:nKlM9k4qAh4wBFXqM-2kC,Go,"{""siblings_with_explicit_parent"": [""D1IXOBUrrXf5bXhVu9cmI""]}"
software-architect,R1,True,software-architect:uoDtVFThaV6OMK2wXGfP5,topic,Programming Languages,software-architect:bhP5gMpRVebSFpCeHVXBj,JavaScript / TypeScript,"{""siblings_with_explicit_parent"": [""D1IXOBUrrXf5bXhVu9cmI""]}"
software-architect,R1,True,software-architect:_U0VoTkqM1d6NR13p5azS,topic,Patterns & Design Principles,software-architect:AMDLJ_Bup-AY1chl_taV3,OOP,"{""siblings_with_explicit_parent"": [""jj5otph6mEYiR-oU5WVtT""]}"
software-architect,R1,True,software-architect:_U0VoTkqM1d6NR13p5azS,topic,Patterns & Design Principles,software-architect:RsnN5bt8OhSMjSFmVgw-X,"CQRS, Eventual Consistency","{""siblings_with_explicit_parent"": [""jj5otph6mEYiR-oU5WVtT""]}"
software-architect,R1,True,software-architect:_U0VoTkqM1d6NR13p5azS,topic,Patterns & Design Principles,software-architect:AoWO2BIKG5X4JWir6kh5r,Actors,"{""siblings_with_explicit_parent"": [""jj5otph6mEYiR-oU5WVtT""]}"
software-architect,R1,True,software-architect:_U0VoTkqM1d6NR13p5azS,topic,Patterns & Design Principles,software-architect:bbKEEk7dvfFZBBJaIjm0j,"ACID, CAP Theorem","{""siblings_with_explicit_parent"": [""jj5otph6mEYiR-oU5WVtT""]}"
software-architect,R1,True,software-architect:_U0VoTkqM1d6NR13p5azS,topic,Patterns & Design Principles,software-architect:QNG-KP01WQnq8o1-In1-n,SOLID,"{""siblings_with_explicit_parent"": [""jj5otph6mEYiR-oU5WVtT""]}"
software-architect,R1,True,software-architect:_U0VoTkqM1d6NR13p5azS,topic,Patterns & Design Principles,software-architect:DnP66pjK3b8tCtYr05n2G,TDD,"{""siblings_with_explicit_parent"": [""jj5otph6mEYiR-oU5WVtT""]}"
software-architect,R1,True,software-architect:_U0VoTkqM1d6NR13p5azS,topic,Patterns & Design Principles,software-architect:IIelzs8XYMPnXabFKRI51,DDD,"{""siblings_with_explicit_parent"": [""jj5otph6mEYiR-oU5WVtT""]}"
software-architect,R1,True,software-architect:diu8MyHxZuZSdhavYVj1T,topic,Tools,software-architect:PyTuVs08_z4EhLwhTYzFu,GitHub,"{""siblings_with_explicit_parent"": [""3bpd0iZTd3G-H8A7yrExY"", ""CYnUg_okOcRrD7fSllxLW"", ""ZEzYb-i55hBe9kK3bla94"", ""a6joS9WXg-rbw29_KfBd9""]}"
software-architect,R1,True,software-architect:OaLmlfkZid7hKqJ9G8oNV,topic,Architecture,software-architect:FAXKxl3fWUFShYmoCsInZ,Serverless,"{""siblings_with_explicit_parent"": [""b6lCGw82qKpUmsxe1r1f5""]}"
software-architect,R1,True,software-architect:OaLmlfkZid7hKqJ9G8oNV,topic,Architecture,software-architect:mka_DwiboH5sGFhXhk6ez,Client / Server,"{""siblings_with_explicit_parent"": [""b6lCGw82qKpUmsxe1r1f5""]}"
software-architect,R1,True,software-architect:OaLmlfkZid7hKqJ9G8oNV,topic,Architecture,software-architect:05hLO2_A8Tr6cLJGFRhOh,Layered,"{""siblings_with_explicit_parent"": [""b6lCGw82qKpUmsxe1r1f5""]}"
software-architect,R1,True,software-architect:OaLmlfkZid7hKqJ9G8oNV,topic,Architecture,software-architect:j7OP6RD_IAU6HsyiGaynx,Distributed Systems,"{""siblings_with_explicit_parent"": [""b6lCGw82qKpUmsxe1r1f5""]}"
software-architect,R1,True,software-architect:OaLmlfkZid7hKqJ9G8oNV,topic,Architecture,software-architect:6uvmMgvOwGyuLC5TOhjFu,Service Oriented,"{""siblings_with_explicit_parent"": [""b6lCGw82qKpUmsxe1r1f5""]}"
software-architect,R1,True,software-architect:IzFTn5-tQuF_Z0cG_w6CW,topic,Security,software-architect:KhqUK-7jdClu9M2Pq7x--,OWASP,"{""siblings_with_explicit_parent"": [""7tBAD0ox9hTK4D483GTRo"", ""KiwFXB6yd0go30zAFMTJt"", ""OpL2EqvHbUmFgnpuhtZPr""]}"
software-architect,R2,False,software-architect:7uGRbqYB-FpHb7H0Cgkmu,label,Analytics,software-architect:a0baFv7hVWZGvS5VLh5ig,Apache Spark,"{""section"": ""BZl8WjxR6OBpYI7btJ7Z4""}"
software-architect,R2,False,software-architect:7uGRbqYB-FpHb7H0Cgkmu,label,Analytics,software-architect:I_VjjmMK52_tS8qjQUspN,Hadoop,"{""section"": ""BZl8WjxR6OBpYI7btJ7Z4""}"
software-architect,R2,False,software-architect:7uGRbqYB-FpHb7H0Cgkmu,label,Analytics,software-architect:B5YtP8C1A0jB3MOdg0c_q,Datawarehouse Principles,"{""section"": ""BZl8WjxR6OBpYI7btJ7Z4""}"
software-architect,R1,True,software-architect:Ocn7-ctpnl71ZCZ_uV-uD,topic,APIs & Integrations,software-architect:fELnBA0eOoE-d9rSmDJ8l,"ESB, SOAP","{""siblings_with_explicit_parent"": [""priDGksAvJ05YzakkTFtM""]}"
software-architect,R1,True,software-architect:Ocn7-ctpnl71ZCZ_uV-uD,topic,APIs & Integrations,software-architect:Sp3FdPT4F9YnTGvlE_vyq,GraphQL,"{""siblings_with_explicit_parent"": [""priDGksAvJ05YzakkTFtM""]}"
software-architect,R1,True,software-architect:Ocn7-ctpnl71ZCZ_uV-uD,topic,APIs & Integrations,software-architect:Ss43xwK1ydEToj6XmmCt7,REST,"{""siblings_with_explicit_parent"": [""priDGksAvJ05YzakkTFtM""]}"
software-architect,R1,True,software-architect:Ocn7-ctpnl71ZCZ_uV-uD,topic,APIs & Integrations,software-architect:DwNda95-fE7LWnDA6u1LU,"BPM, BPEL","{""siblings_with_explicit_parent"": [""priDGksAvJ05YzakkTFtM""]}"
software-architect,R1,True,software-architect:Ocn7-ctpnl71ZCZ_uV-uD,topic,APIs & Integrations,software-architect:4NVdEbmpQVHpBc7582S6E,Messaging Queues,"{""siblings_with_explicit_parent"": [""priDGksAvJ05YzakkTFtM""]}"
software-architect,R1,True,software-architect:hjlkxYZS7Zf9En3IUS-Wm,topic,Frameworks,software-architect:wFu9VO48EYbIQrsM8YUCj,IAF,"{""siblings_with_explicit_parent"": [""LQlzVxUxM3haWRwbhYHKY""]}"
software-architect,R1,True,software-architect:hjlkxYZS7Zf9En3IUS-Wm,topic,Frameworks,software-architect:8FTKnAKNL9LnZBrw9YXqK,UML,"{""siblings_with_explicit_parent"": [""LQlzVxUxM3haWRwbhYHKY""]}"
software-architect,R1,True,software-architect:hjlkxYZS7Zf9En3IUS-Wm,topic,Frameworks,software-architect:5TDTU22Fla2mRr6JeOcaY,TOGAF,"{""siblings_with_explicit_parent"": [""LQlzVxUxM3haWRwbhYHKY""]}"
software-architect,R2,False,software-architect:VW5wxTaGFAgplYadcSKP7,label,Certifications,software-architect:hRug9yJKYacB9X_2cUalR,PMI,"{""section"": ""KLmz1sHYqS_SE65Jd22qe""}"
software-architect,R2,False,software-architect:VW5wxTaGFAgplYadcSKP7,label,Certifications,software-architect:Rq1Wi-cHjS54SYo-Btp-e,ITIL,"{""section"": ""KLmz1sHYqS_SE65Jd22qe""}"
software-architect,R2,False,software-architect:VW5wxTaGFAgplYadcSKP7,label,Certifications,software-architect:7rudOREGG-TTkCosU0hNw,RUP,"{""section"": ""KLmz1sHYqS_SE65Jd22qe""}"
software-architect,R2,False,software-architect:VW5wxTaGFAgplYadcSKP7,label,Certifications,software-architect:SJ5lrlvyXgtAwOx4wvT2W,Prince2,"{""section"": ""KLmz1sHYqS_SE65Jd22qe""}"
software-architect,R2,False,software-architect:4kW6EUtdDfIN80z4nOMFS,label,Agile Model,software-architect:qwpsGRFgzAYstM7bJA2ZJ,LeSS,"{""section"": ""3wUggQOHRXp1cG9e0RrRL""}"
software-architect,R2,False,software-architect:4kW6EUtdDfIN80z4nOMFS,label,Agile Model,software-architect:Bg7ru1q1j6pNB43HGxnHT,SaFE,"{""section"": ""3wUggQOHRXp1cG9e0RrRL""}"
software-architect,R2,False,software-architect:4kW6EUtdDfIN80z4nOMFS,label,Agile Model,software-architect:O7H6dt3Z7EKohxfJzwbPM,Kanban,"{""section"": ""3wUggQOHRXp1cG9e0RrRL""}"
software-architect,R2,False,software-architect:4kW6EUtdDfIN80z4nOMFS,label,Agile Model,software-architect:PKqwKvoffm0unwcFwpojk,Scrum,"{""section"": ""3wUggQOHRXp1cG9e0RrRL""}"
software-architect,R2,False,software-architect:4kW6EUtdDfIN80z4nOMFS,label,Agile Model,software-architect:7fL9lSu4BD1wRjnZy9tM9,XP,"{""section"": ""3wUggQOHRXp1cG9e0RrRL""}"
software-architect,R1,True,software-architect:cBWJ6Duw99tSKr7U6OW3A,topic,Networks,software-architect:UCCT7-E_QUKPg3jAsjobx,TCP/IP Model,"{""siblings_with_explicit_parent"": [""Mt5W1IvuHevNXVRlh7z26""]}"
software-architect,R1,True,software-architect:cBWJ6Duw99tSKr7U6OW3A,topic,Networks,software-architect:Nq6o6Ty8VyNRsvg-UWp7D,"HTTP, HTTPS","{""siblings_with_explicit_parent"": [""Mt5W1IvuHevNXVRlh7z26""]}"
software-architect,R1,True,software-architect:cBWJ6Duw99tSKr7U6OW3A,topic,Networks,software-architect:6_EOmU5GYGDGzmNoLY8cB,Proxies,"{""siblings_with_explicit_parent"": [""Mt5W1IvuHevNXVRlh7z26""]}"
software-architect,R1,True,software-architect:cBWJ6Duw99tSKr7U6OW3A,topic,Networks,software-architect:Hqk_GGsFi14SI5fgPSoGV,Firewalls,"{""siblings_with_explicit_parent"": [""Mt5W1IvuHevNXVRlh7z26""]}"
software-architect,R1,True,software-architect:8yALyPVUZPtd7LX3GrO1e,topic,Enterprise Software,software-architect:YfYviOXqGVp9C6DuhqBrn,EMC DMS,"{""siblings_with_explicit_parent"": [""5EVecZmvor09LjD7WR_Y9"", ""TxWAznp1tUtZ1MvThf9M1"", ""gdtI0H_PzzTj_aFQn_NeA"", ""mOXyzdNn8W-9R99ffcnor""]}"
devops,R1,True,devops:wjJPzrFJBNYOD3SJLzW2M,topic,Terminal Knowledge,devops:syBIAL1mHbJLnTBoSxXI7,Bash,"{""siblings_with_explicit_parent"": [""z6IBekR8Xl-6f8WEb05Nw""]}"
devops,R5,False,devops:jCWrnQNgjHKyhzd9dwOHz,topic,What is and how to setup X ?,devops:F93XnRj0BLswJkzyRggLS,Forward Proxy,"{""lines"": [""78fdvOJN2xs2co5L8Ldvf""]}"
devops,R5,False,devops:jCWrnQNgjHKyhzd9dwOHz,topic,What is and how to setup X ?,devops:R4XSY4TSjU1M7cW66zUqJ,Caching Server,"{""lines"": [""78fdvOJN2xs2co5L8Ldvf""]}"
devops,R5,False,devops:jCWrnQNgjHKyhzd9dwOHz,topic,What is and how to setup X ?,devops:eGF7iyigl57myx2ejpmNC,Reverse Proxy,"{""lines"": [""78fdvOJN2xs2co5L8Ldvf""]}"
devops,R5,False,devops:jCWrnQNgjHKyhzd9dwOHz,topic,What is and how to setup X ?,devops:f3tM2uo6LLSOmyeFfLc7h,Firewall,"{""lines"": [""78fdvOJN2xs2co5L8Ldvf""]}"
devops,R5,False,devops:jCWrnQNgjHKyhzd9dwOHz,topic,What is and how to setup X ?,devops:i8Sd9maB_BeFurULrHXNq,Load Balancer,"{""lines"": [""78fdvOJN2xs2co5L8Ldvf""]}"
devops,R3,False,devops:jCWrnQNgjHKyhzd9dwOHz,topic,What is and how to setup X ?,devops:ukOrSeyK1ElOt9tTjCkfO,Nginx,"{""section"": ""PsbYeHGMd9E1UNqcaFQOz"", ""section_edges"": [""reactflow__edge-jCWrnQNgjHKyhzd9dwOHzx2-PsbYeHGMd9E1UNqcaFQOzw1""]}"
devops,R3,False,devops:jCWrnQNgjHKyhzd9dwOHz,topic,What is and how to setup X ?,devops:dF3otkMMN09tgCzci8Jyv,Tomcat,"{""section"": ""PsbYeHGMd9E1UNqcaFQOz"", ""section_edges"": [""reactflow__edge-jCWrnQNgjHKyhzd9dwOHzx2-PsbYeHGMd9E1UNqcaFQOzw1""]}"
devops,R3,False,devops:jCWrnQNgjHKyhzd9dwOHz,topic,What is and how to setup X ?,devops:54UZNO2q8M5FiA_XbcU_D,Caddy,"{""section"": ""PsbYeHGMd9E1UNqcaFQOz"", ""section_edges"": [""reactflow__edge-jCWrnQNgjHKyhzd9dwOHzx2-PsbYeHGMd9E1UNqcaFQOzw1""]}"
devops,R3,False,devops:jCWrnQNgjHKyhzd9dwOHz,topic,What is and how to setup X ?,devops:0_GMTcMeZv3A8dYkHRoW7,Apache,"{""section"": ""PsbYeHGMd9E1UNqcaFQOz"", ""section_edges"": [""reactflow__edge-jCWrnQNgjHKyhzd9dwOHzx2-PsbYeHGMd9E1UNqcaFQOzw1""]}"
devops,R3,False,devops:jCWrnQNgjHKyhzd9dwOHz,topic,What is and how to setup X ?,devops:5iJOE1QxMvf8BQ_8ssiI8,IIS,"{""section"": ""PsbYeHGMd9E1UNqcaFQOz"", ""section_edges"": [""reactflow__edge-jCWrnQNgjHKyhzd9dwOHzx2-PsbYeHGMd9E1UNqcaFQOzw1""]}"
devops,R1,True,devops:CQhUflAcv1lhBnmDY0gaz,topic,Containers,devops:P0acFNZ413MSKElHqCxr3,Docker,"{""siblings_with_explicit_parent"": [""qYRJYIZsmf-inMqKECRkI""]}"
devops,R3,False,devops:w5d24Sf8GDkLDLGUPxzS9,topic,Networking & Protocols,devops:RDLmML_HS2c8J4D_U_KYe,FTP / SFTP,"{""section"": ""7crPw2SKw-TlsSe9kpZFQ"", ""section_edges"": [""reactflow__edge-w5d24Sf8GDkLDLGUPxzS9y2-7crPw2SKw-TlsSe9kpZFQz1""]}"
devops,R3,False,devops:w5d24Sf8GDkLDLGUPxzS9,topic,Networking & Protocols,devops:Vu955vdsYerCG8G6suqml,DNS,"{""section"": ""7crPw2SKw-TlsSe9kpZFQ"", ""section_edges"": [""reactflow__edge-w5d24Sf8GDkLDLGUPxzS9y2-7crPw2SKw-TlsSe9kpZFQz1""]}"
devops,R3,False,devops:w5d24Sf8GDkLDLGUPxzS9,topic,Networking & Protocols,devops:ke-8MeuLx7AS2XjSsPhxe,HTTP,"{""section"": ""7crPw2SKw-TlsSe9kpZFQ"", ""section_edges"": [""reactflow__edge-w5d24Sf8GDkLDLGUPxzS9y2-7crPw2SKw-TlsSe9kpZFQz1""]}"
devops,R3,False,devops:w5d24Sf8GDkLDLGUPxzS9,topic,Networking & Protocols,devops:AJO3jtHvIICj8YKaSXl0U,HTTPS,"{""section"": ""7crPw2SKw-TlsSe9kpZFQ"", ""section_edges"": [""reactflow__edge-w5d24Sf8GDkLDLGUPxzS9y2-7crPw2SKw-TlsSe9kpZFQz1""]}"
devops,R3,False,devops:w5d24Sf8GDkLDLGUPxzS9,topic,Networking & Protocols,devops:0o6ejhfpmO4S8A6djVWva,SSL / TLS,"{""section"": ""7crPw2SKw-TlsSe9kpZFQ"", ""section_edges"": [""reactflow__edge-w5d24Sf8GDkLDLGUPxzS9y2-7crPw2SKw-TlsSe9kpZFQz1""]}"
devops,R3,False,devops:w5d24Sf8GDkLDLGUPxzS9,topic,Networking & Protocols,devops:wcIRMLVm3SdEJWF9RPfn7,SSH,"{""section"": ""7crPw2SKw-TlsSe9kpZFQ"", ""section_edges"": [""reactflow__edge-w5d24Sf8GDkLDLGUPxzS9y2-7crPw2SKw-TlsSe9kpZFQz1""]}"
devops,R2,False,devops:n-pIspYFAk0vpHNbLbbLz,label,Email Protocols,devops:E-lSLGzgOPrz-25ER2Hk7,White / Grey Listing,"{""section"": ""45zz5L6lKJrF9JWgyj1Pz""}"
devops,R2,False,devops:n-pIspYFAk0vpHNbLbbLz,label,Email Protocols,devops:zJy9dOynWgLTDKI1iBluG,SMTP,"{""section"": ""45zz5L6lKJrF9JWgyj1Pz""}"
devops,R2,False,devops:n-pIspYFAk0vpHNbLbbLz,label,Email Protocols,devops:5vUKHuItQfkarp7LtACvX,DMARC,"{""section"": ""45zz5L6lKJrF9JWgyj1Pz""}"
devops,R2,False,devops:n-pIspYFAk0vpHNbLbbLz,label,Email Protocols,devops:ewcJfnDFKXN8I5TLpXEaB,SPF,"{""section"": ""45zz5L6lKJrF9JWgyj1Pz""}"
devops,R2,False,devops:n-pIspYFAk0vpHNbLbbLz,label,Email Protocols,devops:fzO6xVTBxliu24f3W5zaU,POP3S,"{""section"": ""45zz5L6lKJrF9JWgyj1Pz""}"
devops,R2,False,devops:n-pIspYFAk0vpHNbLbbLz,label,Email Protocols,devops:WMuXqa4b5wyRuYAQKQJRj,IMAP,"{""section"": ""45zz5L6lKJrF9JWgyj1Pz""}"
devops,R2,False,devops:n-pIspYFAk0vpHNbLbbLz,label,Email Protocols,devops:RYCD78msIR2BPJoIP71aj,Domain Keys,"{""section"": ""45zz5L6lKJrF9JWgyj1Pz""}"
devops,R3,False,devops:w5d24Sf8GDkLDLGUPxzS9,topic,Networking & Protocols,devops:QZ7bkY-MaEgxYoPDP3nma,OSI Model,"{""section"": ""7crPw2SKw-TlsSe9kpZFQ"", ""section_edges"": [""reactflow__edge-w5d24Sf8GDkLDLGUPxzS9y2-7crPw2SKw-TlsSe9kpZFQz1""]}"
devops,R1,True,devops:1oYvpFG8LKT1JD6a_9J0m,topic,Provisioning,devops:TgBb4aL_9UkyU36CN4qvS,CloudFormation,"{""siblings_with_explicit_parent"": [""XA__697KgofsH28coQ-ma""]}"
devops,R1,True,devops:1oYvpFG8LKT1JD6a_9J0m,topic,Provisioning,devops:O0xZ3dy2zIDbOetVrgna6,Pulumi,"{""siblings_with_explicit_parent"": [""XA__697KgofsH28coQ-ma""]}"
devops,R1,True,devops:V9sOxlNOyRp0Mghl7zudv,topic,Configuration Management,devops:kv508kxzUj_CjZRb-TeRv,Chef,"{""siblings_with_explicit_parent"": [""h9vVPOmdUSeEGVQQaSTH5"", ""yP1y8U3eblpzbaLiCGliU""]}"
devops,R1,True,devops:V9sOxlNOyRp0Mghl7zudv,topic,Configuration Management,devops:Kumwd6XOlEMeDohDH0q9P,Salt,"{""siblings_with_explicit_parent"": [""h9vVPOmdUSeEGVQQaSTH5"", ""yP1y8U3eblpzbaLiCGliU""]}"
devops,R1,True,devops:aQJaouIaxIJChM-40M3HQ,topic,CI / CD Tools,devops:2KjSLLVTvl2G2KValw7S7,GitLab CI,"{""siblings_with_explicit_parent"": [""1-JneOQeGhox-CKrdiquq"", ""1du8Q2pRZM82ri6jBy5T7"", ""JnWVCS1HbAyfCJzGt-WOH"", ""TsXFx1wWikVBVoFUUDAMx"", ""dUapFp3f0Rum-rf_Vk_b-""]}"
devops,R1,True,devops:aQJaouIaxIJChM-40M3HQ,topic,CI / CD Tools,devops:L000AbzF3oLcn4B1eUIYX,TeamCity,"{""siblings_with_explicit_parent"": [""1-JneOQeGhox-CKrdiquq"", ""1du8Q2pRZM82ri6jBy5T7"", ""JnWVCS1HbAyfCJzGt-WOH"", ""TsXFx1wWikVBVoFUUDAMx"", ""dUapFp3f0Rum-rf_Vk_b-""]}"
devops,R1,True,devops:aQJaouIaxIJChM-40M3HQ,topic,CI / CD Tools,devops:e0CIteRMxc0DydKEJnMhp,Railway,"{""siblings_with_explicit_parent"": [""1-JneOQeGhox-CKrdiquq"", ""1du8Q2pRZM82ri6jBy5T7"", ""JnWVCS1HbAyfCJzGt-WOH"", ""TsXFx1wWikVBVoFUUDAMx"", ""dUapFp3f0Rum-rf_Vk_b-""]}"
devops,R1,True,devops:hcrPpjFxPi_iLiMdLKJrO,topic,Secret Management,devops:lUUJAEBrGJvL8dRs2n1GD,ESO,"{""siblings_with_explicit_parent"": [""ZWq23Q9ZNxLNti68oltxA""]}"
devops,R1,True,devops:hcrPpjFxPi_iLiMdLKJrO,topic,Secret Management,devops:GHQWHLxsO40kJ6z_YCinJ,SOPs,"{""siblings_with_explicit_parent"": [""tZzvs80KzqT8aDvEyjack""]}"
devops,R1,True,devops:qqRLeTpuoW64H9LvY0U_w,topic,Infrastructure Monitoring,devops:niA_96yR7uQ0sc6S_OStf,Grafana,"{""siblings_with_explicit_parent"": [""NiVvRbCOCDpVvif48poCo""]}"
devops,R1,True,devops:gaoZjOYmU0J5aM6vtLNvN,topic,Logs Management,devops:K_qLhK2kKN_uCq7iVjqph,Elastic Stack,"{""siblings_with_explicit_parent"": [""s_kss4FJ2KyZRdcKNHK2v""]}"
devops,R1,True,devops:gaoZjOYmU0J5aM6vtLNvN,topic,Logs Management,devops:w2eCgBC-ydMHSxh7LMti8,Loki,"{""siblings_with_explicit_parent"": [""s_kss4FJ2KyZRdcKNHK2v""]}"
devops,R1,True,devops:gaoZjOYmU0J5aM6vtLNvN,topic,Logs Management,devops:dZID_Y_uRTF8JlfDCqeqs,Splunk,"{""siblings_with_explicit_parent"": [""s_kss4FJ2KyZRdcKNHK2v""]}"
devops,R1,True,devops:gaoZjOYmU0J5aM6vtLNvN,topic,Logs Management,devops:cjjMZdyLgakyVkImVQTza,Papertrail,"{""siblings_with_explicit_parent"": [""s_kss4FJ2KyZRdcKNHK2v""]}"
devops,R5,False,devops:Yq8kVoRf20aL_o4VZU5--,topic,Container Orchestration,devops:XbrWlTyH4z8crSHkki2lp,GKE / EKS / AKS,"{""lines"": [""iU2f2TbjbjrCSDoIQN75c""]}"
devops,R5,False,devops:Yq8kVoRf20aL_o4VZU5--,topic,Container Orchestration,devops:FE2h-uQy6qli3rKERci1j,AWS ECS / Fargate,"{""lines"": [""iU2f2TbjbjrCSDoIQN75c""]}"
devops,R5,False,devops:Yq8kVoRf20aL_o4VZU5--,topic,Container Orchestration,devops:VD24HC9qJOC42lbpJ-swC,Docker Swarm,"{""lines"": [""iU2f2TbjbjrCSDoIQN75c""]}"
devops,R5,False,devops:Yq8kVoRf20aL_o4VZU5--,topic,Container Orchestration,devops:hIBeTUiAI3zwUY6NgAO-A,Kubernetes,"{""lines"": [""iU2f2TbjbjrCSDoIQN75c""]}"
devops,R5,False,devops:Yq8kVoRf20aL_o4VZU5--,topic,Container Orchestration,devops:3GryoQuI67JTHg9r3xUHO,OpenShift,"{""lines"": [""iU2f2TbjbjrCSDoIQN75c""]}"
devops,R1,True,devops:zuBAjrqQPjj-0DHGjCaqT,topic,Artifact Management,devops:C_sFyIsIIpriZlovvcbSE,Artifactory,"{""siblings_with_explicit_parent"": [""vsmE6EpCc2DFGk1YTbkHS""]}"
devops,R1,True,devops:zuBAjrqQPjj-0DHGjCaqT,topic,Artifact Management,devops:ootuLJfRXarVvm3J1Ir11,Nexus,"{""siblings_with_explicit_parent"": [""vsmE6EpCc2DFGk1YTbkHS""]}"
devops,R1,True,devops:-INN1qTMLimrZgaSPCcHj,topic,GitOps,devops:i-DLwNXdCUUug6lfjkPSy,ArgoCD,"{""siblings_with_explicit_parent"": [""6gVV_JUgKgwJb4C8tHZn7""]}"
devops,R1,True,devops:wNguM6-YEznduz3MgBCYo,topic,Observability,devops:pk76Us6z8LoX3f0mhnCyR,New Relic,"{""siblings_with_explicit_parent"": [""8rd7T5ahK2I_zh5co-IF-""]}"
devops,R1,True,devops:wNguM6-YEznduz3MgBCYo,topic,Observability,devops:BHny2Emf96suhAlltiEro,Datadog,"{""siblings_with_explicit_parent"": [""8rd7T5ahK2I_zh5co-IF-""]}"
devops,R1,True,devops:wNguM6-YEznduz3MgBCYo,topic,Observability,devops:eOyu4wmKOrcMlhD8pUGGh,Prometheus,"{""siblings_with_explicit_parent"": [""8rd7T5ahK2I_zh5co-IF-""]}"
devops,R1,True,devops:wNguM6-YEznduz3MgBCYo,topic,Observability,devops:K81bmtgnB1gfhYdi3TB5a,OpenTelemetry,"{""siblings_with_explicit_parent"": [""8rd7T5ahK2I_zh5co-IF-""]}"
devops,R1,True,devops:wNguM6-YEznduz3MgBCYo,topic,Observability,devops:4aJVaimsuvGIPXMZ_WjaA,Dynatrace,"{""siblings_with_explicit_parent"": [""8rd7T5ahK2I_zh5co-IF-""]}"
docker,R1,True,docker:uUPYXmwu27SBPqKZx6U_q,topic,Data Persistence,docker:wZcCW1ojGzUakHCv2AaI1,Bind Mounts,"{""siblings_with_explicit_parent"": [""086zZYjtzdCaDHm-MkSqg"", ""woemCQmWTR-hIoWAci3d5""]}"
docker,R5,False,docker:LShK3-1EGGuXnEvdScFR7,topic,Using 3rd Party Container Images,docker:jKSE_wKYf4P9wnSh_LkMi,Databases,"{""lines"": [""2YqGqA6lNx0vOXhZqi-gl""]}"
docker,R5,False,docker:LShK3-1EGGuXnEvdScFR7,topic,Using 3rd Party Container Images,docker:YzpB7rgSR4ueQRLa0bRWa,Command Line Utilities,"{""lines"": [""2YqGqA6lNx0vOXhZqi-gl""]}"
docker,R5,False,docker:5OEfBQaYNOCi999x6QUqW,topic,Building Container Images,docker:yGRQcx64S-yBGEoOeMc55,Dockerfiles,"{""lines"": [""f2Q86LutJi9-3nThGlx10""]}"
docker,R5,False,docker:5OEfBQaYNOCi999x6QUqW,topic,Building Container Images,docker:frshJqVMP8D7o_7tMZMPI,Efficient Layer Caching,"{""lines"": [""f2Q86LutJi9-3nThGlx10""]}"
docker,R5,False,docker:5OEfBQaYNOCi999x6QUqW,topic,Building Container Images,docker:-8wAzF6_3gruiM3VYMvB0,Image Size and Security,"{""lines"": [""f2Q86LutJi9-3nThGlx10""]}"
docker,R1,True,docker:3VKPiMfbGBxv9m_SljIQV,topic,Container Registries,docker:fh5aERX7c-lY9FPsmftoF,"Others (ghcr, ecr, gcr, acr, etc)","{""siblings_with_explicit_parent"": [""rxVR62_yXIjc-L4GFSV6u""]}"
docker,R1,True,docker:3VKPiMfbGBxv9m_SljIQV,topic,Container Registries,docker:Vs4WQwgJFhA63U9Gf2ym0,Image Tagging Best Practices,"{""siblings_with_explicit_parent"": [""rxVR62_yXIjc-L4GFSV6u""]}"
docker,R5,False,docker:z2eeBXPzo-diQ67Fcfyhc,topic,Running Containers,docker:6eu5NRA1sJuaHTlHtNurc,docker run,"{""lines"": [""lmhPJG0cnXvH9W-cpnWOV""]}"
docker,R5,False,docker:78YFahP3Fg-c27reLkuK4,topic,Container Security,docker:vYug8kcwrMoWf8ft4UDNI,Runtime Security,"{""lines"": [""QFrmceEMSWqSTx85CLEvb""]}"
docker,R5,False,docker:78YFahP3Fg-c27reLkuK4,topic,Container Security,docker:M5UG-ZcyhBPbksZd0ZdNt,Image Security,"{""lines"": [""QFrmceEMSWqSTx85CLEvb""]}"
docker,R1,True,docker:qXOGqORi3EdqwsP9Uhi9m,topic,Deploying Containers,docker:RqXpX2XabtHYVjgg1EZR_,Kubernetes,"{""siblings_with_explicit_parent"": [""PP_RRBo_pThe2mgf6xzMP""]}"
docker,R1,True,docker:qXOGqORi3EdqwsP9Uhi9m,topic,Deploying Containers,docker:ks6PFN-0Z9zH7gtWaWgxz,Docker Swarm,"{""siblings_with_explicit_parent"": [""PP_RRBo_pThe2mgf6xzMP""]}"
docker,R1,True,docker:qXOGqORi3EdqwsP9Uhi9m,topic,Deploying Containers,docker:r1eJZDZYouUjnGwAtRbyU,Nomad,"{""siblings_with_explicit_parent"": [""PP_RRBo_pThe2mgf6xzMP""]}"
java,R2,False,java:ryMPhTTScI9pJMkQsZaaM,label,Basics of OOP,java:LenPrQwxFsE1UVbXO_dE7,Classes and Objects,"{""section"": ""o5yOEJFOR-wScK0GWPuQq""}"
java,R2,False,java:ryMPhTTScI9pJMkQsZaaM,label,Basics of OOP,java:xTwJYcA6ldgaw3yGmbDEd,Attributes and Methods,"{""section"": ""o5yOEJFOR-wScK0GWPuQq""}"
java,R2,False,java:ryMPhTTScI9pJMkQsZaaM,label,Basics of OOP,java:KYndNwfQcwRCf3zCXOwd_,Access Specifiers,"{""section"": ""o5yOEJFOR-wScK0GWPuQq""}"
java,R2,False,java:ryMPhTTScI9pJMkQsZaaM,label,Basics of OOP,java:ZcNxO6qIXIg7RaWYnZj2e,Static Keyword,"{""section"": ""o5yOEJFOR-wScK0GWPuQq""}"
java,R2,False,java:ryMPhTTScI9pJMkQsZaaM,label,Basics of OOP,java:Ajuc_rHObqMQBXLqRIuxh,Final Keyword,"{""section"": ""o5yOEJFOR-wScK0GWPuQq""}"
java,R2,False,java:ryMPhTTScI9pJMkQsZaaM,label,Basics of OOP,java:zDBW20W2XMCtNTG3emJ_A,Nested Classes,"{""section"": ""o5yOEJFOR-wScK0GWPuQq""}"
java,R2,False,java:ryMPhTTScI9pJMkQsZaaM,label,Basics of OOP,java:60POZOjwHSdKYL6rfkyEy,Packages,"{""section"": ""o5yOEJFOR-wScK0GWPuQq""}"
java,R2,False,java:PX4ZcshR0QtsPElyZzSel,label,Collections,java:a-EQiBUlSgdZba1mW36op,Array vs ArrayList,"{""section"": ""ekkBrbM8BtpMu3TpHadYb""}"
java,R2,False,java:PX4ZcshR0QtsPElyZzSel,label,Collections,java:XjkNd5WJ9yxW48dwHQNkZ,Set,"{""section"": ""ekkBrbM8BtpMu3TpHadYb""}"
java,R2,False,java:PX4ZcshR0QtsPElyZzSel,label,Collections,java:eKtdDtiJygKQ4PuEylFQY,Map,"{""section"": ""ekkBrbM8BtpMu3TpHadYb""}"
java,R2,False,java:PX4ZcshR0QtsPElyZzSel,label,Collections,java:DWO2-EPIUeKK5aQGiTuKc,Dequeue,"{""section"": ""ekkBrbM8BtpMu3TpHadYb""}"
java,R2,False,java:PX4ZcshR0QtsPElyZzSel,label,Collections,java:ThoWhXb4vUvNfE70_wMfa,Queue,"{""section"": ""ekkBrbM8BtpMu3TpHadYb""}"
java,R2,False,java:PX4ZcshR0QtsPElyZzSel,label,Collections,java:DzfE_9WLAp-BrG3C1-MwU,Stack,"{""section"": ""ekkBrbM8BtpMu3TpHadYb""}"
java,R2,False,java:PX4ZcshR0QtsPElyZzSel,label,Collections,java:-17LFO72I8RKjJRMXct9k,Iterator,"{""section"": ""ekkBrbM8BtpMu3TpHadYb""}"
java,R2,False,java:PX4ZcshR0QtsPElyZzSel,label,Collections,java:eL4pc6SaNiKP48PzN7mNe,Generic Collections,"{""section"": ""ekkBrbM8BtpMu3TpHadYb""}"
java,R1,True,java:_W84u4UXMSY0zvy6RJvFi,topic,Web Frameworks,java:xoryfi4SpJlkz-PV05ql6,Spring (Spring Boot),"{""siblings_with_explicit_parent"": [""kN-mXxqUPNJNsJGQ0U_7J""]}"
java,R1,True,java:_W84u4UXMSY0zvy6RJvFi,topic,Web Frameworks,java:w-kcKPh8U0P_jtT90_1Xy,Quarkus,"{""siblings_with_explicit_parent"": [""kN-mXxqUPNJNsJGQ0U_7J""]}"
java,R1,True,java:_W84u4UXMSY0zvy6RJvFi,topic,Web Frameworks,java:OrkJa48HIDmrLOgCBpimA,Javalin,"{""siblings_with_explicit_parent"": [""kN-mXxqUPNJNsJGQ0U_7J""]}"
java,R1,True,java:81N1cZLue_Ii0uD5CV6kZ,topic,Build Tools,java:VdL_fAHxmRbuF0J627beA,Maven,"{""siblings_with_explicit_parent"": [""6FMj9tMAQPii_1kLtHJLk""]}"
java,R1,True,java:81N1cZLue_Ii0uD5CV6kZ,topic,Build Tools,java:rmDIm5dqtdlNfPhvpqS7-,Gradle,"{""siblings_with_explicit_parent"": [""6FMj9tMAQPii_1kLtHJLk""]}"
java,R1,True,java:shqS9-hg__mkOtnnl_I4l,topic,Concurrency,java:vJSq1GJLIMQ6IIB8CMK8g,Virtual Threads,"{""siblings_with_explicit_parent"": [""u_YysD7Bpnq-xkFX5yJGz""]}"
java,R1,True,java:shqS9-hg__mkOtnnl_I4l,topic,Concurrency,java:wEc7pSVU5G2c6Zqmtb_1k,Java Memory Model,"{""siblings_with_explicit_parent"": [""u_YysD7Bpnq-xkFX5yJGz""]}"
java,R1,True,java:shqS9-hg__mkOtnnl_I4l,topic,Concurrency,java:U4Wx3MH3LgJLa0n9Ne0Br,volatile keyword,"{""siblings_with_explicit_parent"": [""u_YysD7Bpnq-xkFX5yJGz""]}"
java,R2,False,java:UGccAJeFA636IiCySl-zF,label,Functional Programming,java:1Mk_zXxCCcUoX-gFxtlnf,Functional Composition,"{""section"": ""ofYL6wlERXJaXuKL075zY""}"
java,R2,False,java:UGccAJeFA636IiCySl-zF,label,Functional Programming,java:SityDdjhhNZ9CO3Tg0VI9,Functional Interfaces,"{""section"": ""ofYL6wlERXJaXuKL075zY""}"
java,R2,False,java:UGccAJeFA636IiCySl-zF,label,Functional Programming,java:WHxAwfdKHQSOg0TLX05EG,Stream API,"{""section"": ""ofYL6wlERXJaXuKL075zY""}"
java,R2,False,java:UGccAJeFA636IiCySl-zF,label,Functional Programming,java:dz6bCmB4dgA7VVZ448cN6,High Order Functions,"{""section"": ""ofYL6wlERXJaXuKL075zY""}"
java,R1,True,java:fV-gW51jhna2__Ln2HIIh,topic,Database Access,java:UEiDzzodyEu5O1xFAFDly,Hibernate,"{""siblings_with_explicit_parent"": [""WzWOxBUKKg6LeuBmVesc2""]}"
java,R1,True,java:fV-gW51jhna2__Ln2HIIh,topic,Database Access,java:X2rJ3BY1ytFKsbJqJETFu,EBean,"{""siblings_with_explicit_parent"": [""WzWOxBUKKg6LeuBmVesc2""]}"
java,R1,True,java:fV-gW51jhna2__Ln2HIIh,topic,Database Access,java:9UbRG752qxJdUwmqEAjN3,JDBC,"{""siblings_with_explicit_parent"": [""WzWOxBUKKg6LeuBmVesc2""]}"
java,R5,False,java:d9F5Wt8onY125DLuzNULg,topic,Logging Frameworks,java:okC1uMdyfIJAhX_R9Npsw,Logback,"{""lines"": [""l40LZhtS-ldRtJ2cgiiXc""]}"
java,R5,False,java:d9F5Wt8onY125DLuzNULg,topic,Logging Frameworks,java:LGlZHKqyQ-aWtHnhklhgn,SLF4J,"{""lines"": [""l40LZhtS-ldRtJ2cgiiXc""]}"
java,R5,False,java:d9F5Wt8onY125DLuzNULg,topic,Logging Frameworks,java:sFaNj_1MviaTc6UIfjXl6,Log4j2,"{""lines"": [""iv_f10rCHm21sz5hesZxj""]}"
java,R5,False,java:d9F5Wt8onY125DLuzNULg,topic,Logging Frameworks,java:Fn7aAaGbwYsAp4xLuuFud,TinyLog,"{""lines"": [""iv_f10rCHm21sz5hesZxj""]}"
java,R2,False,java:ahcnPvftbi83gtiqV6VTP,label,Unit Testing,java:hY1-sEpTmpaj1PregdkFf,JUnit,"{""section"": ""phhoZcCGuVm_zYFfcArb8""}"
java,R2,False,java:ahcnPvftbi83gtiqV6VTP,label,Unit Testing,java:XU2C8bF9ICej8LS7ZGTTv,TestNG,"{""section"": ""phhoZcCGuVm_zYFfcArb8""}"
java,R2,False,java:lI6ST4WcGtPdKSoWIxStg,label,Integration Testing,java:gB4XUR9nCdF1-dOEwGcHi,REST Assured,"{""section"": ""8Ej86dM3j55V5r29WHTef""}"
java,R2,False,java:lI6ST4WcGtPdKSoWIxStg,label,Integration Testing,java:U2BqOY49HaII6mKQB3SVt,JMeter,"{""section"": ""8Ej86dM3j55V5r29WHTef""}"
java,R2,False,java:BFX3fjnFTHVnNnqMudZoK,label,Behavior Testing,java:UFDy19TNkykRsKv4vRsVJ,Cucumber-JVM,"{""section"": ""VheIOU0XKrEw_5M-Wv4yv""}"
spring-boot,R1,True,spring-boot:h5-HnycxfbJgwalSdXTAz,topic,Hibernate,spring-boot:H9Z0EvKT_148vD0mR-dUf,Transactions,"{""siblings_with_explicit_parent"": [""Ijmy0J3VyaeTGXtu2VkkQ""]}"
spring-boot,R1,True,spring-boot:h5-HnycxfbJgwalSdXTAz,topic,Hibernate,spring-boot:D4ybyh0ydvl9W2_xUcvZ_,Relationships,"{""siblings_with_explicit_parent"": [""Ijmy0J3VyaeTGXtu2VkkQ""]}"
spring-boot,R1,True,spring-boot:pvVLbFQoT50vz_VRK4VbJ,topic,Spring Data,spring-boot:fy-TphbqkLpR1zvFcr7dg,Spring Data MongoDB,"{""siblings_with_explicit_parent"": [""6u08QN-pUeFm3o0h5Scfm""]}"
spring-boot,R1,True,spring-boot:pvVLbFQoT50vz_VRK4VbJ,topic,Spring Data,spring-boot:dd1A-MyzBs_kNOtVG7f1D,Spring Data JDBC,"{""siblings_with_explicit_parent"": [""6u08QN-pUeFm3o0h5Scfm""]}"
api-design,R1,True,api-design:cQnQ9v3mH27MGNwetz3JW,topic,Authentication Methods,api-design:0FzHERK5AeYL5wv1FBJbH,Basic Auth,"{""siblings_with_explicit_parent"": [""QTH7sy9uQZWl6ieBz7erY"", ""eQWoy4CpYP3TJL2bbhPB_"", ""jWekRGRa1131w92oS1HeW"", ""tWg68AHLIr1gIZA1za3jp""]}"
api-design,R1,True,api-design:cQnQ9v3mH27MGNwetz3JW,topic,Authentication Methods,api-design:TLuNtQ6HKYQXmglyVk8-t,OAuth 2.0,"{""siblings_with_explicit_parent"": [""QTH7sy9uQZWl6ieBz7erY"", ""eQWoy4CpYP3TJL2bbhPB_"", ""jWekRGRa1131w92oS1HeW"", ""tWg68AHLIr1gIZA1za3jp""]}"
api-design,R1,True,api-design:nHbn8_sMY7J8o6ckbD-ER,topic,Authorization Methods,api-design:tl1wXmOaj_zHL2o38VygO,MAC,"{""siblings_with_explicit_parent"": [""dZTe_kxIUQsc9N3w920aR"", ""wFsbmMi5Ey9UyDADdbdPW""]}"
api-design,R1,True,api-design:nHbn8_sMY7J8o6ckbD-ER,topic,Authorization Methods,api-design:CCcY8UsGdd2pdBYHt9L4o,ReBAC,"{""siblings_with_explicit_parent"": [""dZTe_kxIUQsc9N3w920aR"", ""wFsbmMi5Ey9UyDADdbdPW""]}"
api-design,R1,True,api-design:nHbn8_sMY7J8o6ckbD-ER,topic,Authorization Methods,api-design:_BXgYUlaYfpYrryXTw5n2,DAC,"{""siblings_with_explicit_parent"": [""dZTe_kxIUQsc9N3w920aR"", ""wFsbmMi5Ey9UyDADdbdPW""]}"
api-design,R1,True,api-design:nHbn8_sMY7J8o6ckbD-ER,topic,Authorization Methods,api-design:nJWtUyn9bljh3T-q_adJK,PBAC,"{""siblings_with_explicit_parent"": [""dZTe_kxIUQsc9N3w920aR"", ""wFsbmMi5Ey9UyDADdbdPW""]}"
api-design,R1,True,api-design:yvdfoly5WHHTq2Puss355,topic,Standards and Compliance,api-design:vZxdswGLHCPi5GSuXEcHJ,GDPR,"{""siblings_with_explicit_parent"": [""W4WwTmgZGnWmiYsB0ezml"", ""mXCKtLUvwVJkHrpHzOecq""]}"
api-design,R1,True,api-design:yvdfoly5WHHTq2Puss355,topic,Standards and Compliance,api-design:a-_iIE7UdoXzD00fD9MxN,CCPA,"{""siblings_with_explicit_parent"": [""W4WwTmgZGnWmiYsB0ezml"", ""mXCKtLUvwVJkHrpHzOecq""]}"
api-design,R1,True,api-design:yvdfoly5WHHTq2Puss355,topic,Standards and Compliance,api-design:J0enF8UTVzY3H4n3pbPIF,PCI DSS,"{""siblings_with_explicit_parent"": [""W4WwTmgZGnWmiYsB0ezml"", ""mXCKtLUvwVJkHrpHzOecq""]}"
aws,R1,True,aws:cL7vis8H5L2vv6LqJ5wvC,topic,EC2,aws:_U2bKjxIrAAk7TMrPttpb,CPU Credits,"{""siblings_with_explicit_parent"": [""VHD2ISW9WoSWjp8Hh6Zft""]}"
aws,R1,True,aws:cL7vis8H5L2vv6LqJ5wvC,topic,EC2,aws:A0u7CJwj5ULAMiAm12vZI,Storage / Volumes,"{""siblings_with_explicit_parent"": [""VHD2ISW9WoSWjp8Hh6Zft""]}"
aws,R1,True,aws:cL7vis8H5L2vv6LqJ5wvC,topic,EC2,aws:wFT-fddGn__DRoqG0joFk,Keypairs,"{""siblings_with_explicit_parent"": [""VHD2ISW9WoSWjp8Hh6Zft""]}"
aws,R1,True,aws:cL7vis8H5L2vv6LqJ5wvC,topic,EC2,aws:DCvkZSp25pjaimG0THLTu,Elastic IP,"{""siblings_with_explicit_parent"": [""VHD2ISW9WoSWjp8Hh6Zft""]}"
aws,R1,True,aws:cL7vis8H5L2vv6LqJ5wvC,topic,EC2,aws:ZKjjgXZ89zV2atWcSal-s,User Data Scripts,"{""siblings_with_explicit_parent"": [""VHD2ISW9WoSWjp8Hh6Zft""]}"
aws,R1,True,aws:cL7vis8H5L2vv6LqJ5wvC,topic,EC2,aws:8v9T6Y6JC7qaqIgkbT-nr,Purchasing Options,"{""siblings_with_explicit_parent"": [""VHD2ISW9WoSWjp8Hh6Zft""]}"
aws,R5,False,aws:dOAZG-NbjWiVdPKYEhWxj,topic,Auto-Scaling,aws:AfagmWcllSi81D2XIQz0V,AMIs,"{""lines"": [""fKiJjwS6CgzPXi082hG2u""]}"
aws,R5,False,aws:dOAZG-NbjWiVdPKYEhWxj,topic,Auto-Scaling,aws:K0GCk5_HDvP0_ZqsUc3tG,Launch Templates,"{""lines"": [""fKiJjwS6CgzPXi082hG2u""]}"
aws,R5,False,aws:dOAZG-NbjWiVdPKYEhWxj,topic,Auto-Scaling,aws:gBKHVG7FvlCEgINKmw00s,Auto-Scaling Groups,"{""lines"": [""fKiJjwS6CgzPXi082hG2u""]}"
aws,R5,False,aws:dOAZG-NbjWiVdPKYEhWxj,topic,Auto-Scaling,aws:fRBaiw8Qx8kapzCphmM4v,Scaling Policies,"{""lines"": [""fKiJjwS6CgzPXi082hG2u""]}"
aws,R5,False,aws:dOAZG-NbjWiVdPKYEhWxj,topic,Auto-Scaling,aws:YAZPKMbmrxYNqF6alXMyL,Elastic Load Balancers,"{""lines"": [""fKiJjwS6CgzPXi082hG2u""]}"
aws,R1,True,aws:PN3xAYfQ-_QgZCRCnsEca,topic,S3,aws:8i6zpjkMC_Pg-tDNmrx4n,Bucket / Object Lifecycle,"{""siblings_with_explicit_parent"": [""rTgjDj5HqbjRpcJ7PR-EC""]}"
aws,R5,False,aws:-bwXo6xvF1yzyWEm5oZhJ,topic,SES,aws:kG7tlZjv_hJbHGooBkxS0,Sandbox / Sending Limits,"{""lines"": [""4R86nymyWsF0bD5YTb7XB""]}"
aws,R5,False,aws:-bwXo6xvF1yzyWEm5oZhJ,topic,SES,aws:bTCVHXPG-LtaaFmgiB2SL,Identity Verification,"{""lines"": [""4R86nymyWsF0bD5YTb7XB""]}"
aws,R5,False,aws:-bwXo6xvF1yzyWEm5oZhJ,topic,SES,aws:zwVd1vNm1ks6MdHZoi-5W,DKIM Setup,"{""lines"": [""4R86nymyWsF0bD5YTb7XB""]}"
aws,R5,False,aws:-bwXo6xvF1yzyWEm5oZhJ,topic,SES,aws:0NWTFssjg9SbDXQRkN5kF,Feedback Handling,"{""lines"": [""4R86nymyWsF0bD5YTb7XB""]}"
aws,R5,False,aws:-bwXo6xvF1yzyWEm5oZhJ,topic,SES,aws:4svXYQYmqjUZU39z8OyhD,Configuration Sets,"{""lines"": [""4R86nymyWsF0bD5YTb7XB""]}"
aws,R5,False,aws:-bwXo6xvF1yzyWEm5oZhJ,topic,SES,aws:Vo_PBfB7LxYL27nBBVoVp,Sender Reputation,"{""lines"": [""4R86nymyWsF0bD5YTb7XB""]}"
aws,R5,False,aws:-bwXo6xvF1yzyWEm5oZhJ,topic,SES,aws:pnX1dfkjS8woWc4KGXlh_,Dedicated IP,"{""lines"": [""4R86nymyWsF0bD5YTb7XB""]}"
aws,R5,False,aws:fkMF-2PQZ00UdwxhQt1ds,topic,RDS,aws:l9oq3LiEd8ZrPtupPk-Fn,DB Instances,"{""lines"": [""MemQxgqsWqGJDW8BxaP24""]}"
aws,R1,True,aws:wGb0TEDnSe_bmv9Krx4qB,topic,DynamoDB,aws:NWvasq-AcwxmOKZPDv3ue,Backup / Restore,"{""siblings_with_explicit_parent"": [""0ctJa-V6aenimSr5h303J""]}"
aws,R5,False,aws:EqUT0wpdPRDGtGAZ7nneY,topic,ECS,aws:PphzNicIJawVElmY5rn8f,Clusters / ECS Container Agents,"{""lines"": [""u5W9rjZ51CyCfHMTIVTcc""]}"
aws,R5,False,aws:EqUT0wpdPRDGtGAZ7nneY,topic,ECS,aws:1lHXxpoF11yE3rfoQCbTG,Tasks,"{""lines"": [""u5W9rjZ51CyCfHMTIVTcc""]}"
aws,R5,False,aws:EqUT0wpdPRDGtGAZ7nneY,topic,ECS,aws:zSiSbIdBgFLBBAnp4I9vX,Services,"{""lines"": [""u5W9rjZ51CyCfHMTIVTcc""]}"
aws,R5,False,aws:EqUT0wpdPRDGtGAZ7nneY,topic,ECS,aws:1r2FL3OEOh0S9ee0OVnrN,Launch Config / Autoscaling Groups,"{""lines"": [""u5W9rjZ51CyCfHMTIVTcc""]}"
aws,R5,False,aws:EqUT0wpdPRDGtGAZ7nneY,topic,ECS,aws:OI8y54RhFpfS_l1L9VTZe,Fargate,"{""lines"": [""u5W9rjZ51CyCfHMTIVTcc""]}"
shell-bash,R1,True,shell-bash:IYlYUnQh2iZrdpyUsMxg0,topic,Popular Shells,shell-bash:BP7hfSSD13DM2np0zaGBB,dash,"{""siblings_with_explicit_parent"": [""BnblV98Tul3QlyA1nIB63"", ""EqgAG1t05RuiAO1TXRq4Y"", ""LjkmfTYWMrOKLSqtpyKGk"", ""y4mIT9yer85CrU_KlRxGk""]}"
shell-bash,R1,True,shell-bash:IYlYUnQh2iZrdpyUsMxg0,topic,Popular Shells,shell-bash:m-sOOaGyhQg3bgmWsXtOH,zsh,"{""siblings_with_explicit_parent"": [""BnblV98Tul3QlyA1nIB63"", ""EqgAG1t05RuiAO1TXRq4Y"", ""LjkmfTYWMrOKLSqtpyKGk"", ""y4mIT9yer85CrU_KlRxGk""]}"
shell-bash,R1,True,shell-bash:IYlYUnQh2iZrdpyUsMxg0,topic,Popular Shells,shell-bash:SHD2pc0D5QjDpEwzsFWz-,tcsh,"{""siblings_with_explicit_parent"": [""BnblV98Tul3QlyA1nIB63"", ""EqgAG1t05RuiAO1TXRq4Y"", ""LjkmfTYWMrOKLSqtpyKGk"", ""y4mIT9yer85CrU_KlRxGk""]}"
shell-bash,R1,True,shell-bash:IYlYUnQh2iZrdpyUsMxg0,topic,Popular Shells,shell-bash:C7HE5jpaSIUqm6L8b9orY,cmd,"{""siblings_with_explicit_parent"": [""BnblV98Tul3QlyA1nIB63"", ""EqgAG1t05RuiAO1TXRq4Y"", ""LjkmfTYWMrOKLSqtpyKGk"", ""y4mIT9yer85CrU_KlRxGk""]}"
shell-bash,R5,False,shell-bash:DUUstDjzKKAXN1IXzbqjt,topic,Files & Directories,shell-bash:ng5ySgj1HQmD_gfQ4TSPI,pwd,"{""lines"": [""94KazcF2-iOrowSwLe6Xi"", ""MptfUMaYaGAsSPsH66WKe"", ""UnbtqWm0138b5Id8RVcbM"", ""Zfz7SThoqOBczwIAisF96""]}"
shell-bash,R5,False,shell-bash:DUUstDjzKKAXN1IXzbqjt,topic,Files & Directories,shell-bash:Kn_EQciiD_Fjj308aF_j0,ls,"{""lines"": [""94KazcF2-iOrowSwLe6Xi"", ""MptfUMaYaGAsSPsH66WKe"", ""UnbtqWm0138b5Id8RVcbM"", ""Zfz7SThoqOBczwIAisF96""]}"
shell-bash,R5,False,shell-bash:DUUstDjzKKAXN1IXzbqjt,topic,Files & Directories,shell-bash:pwP3U4zz9Jtpnp2ZRgajh,mkdir,"{""lines"": [""94KazcF2-iOrowSwLe6Xi"", ""MptfUMaYaGAsSPsH66WKe"", ""UnbtqWm0138b5Id8RVcbM"", ""Zfz7SThoqOBczwIAisF96""]}"
shell-bash,R5,False,shell-bash:DUUstDjzKKAXN1IXzbqjt,topic,Files & Directories,shell-bash:zN32jR8SNm5P1txqQsyCv,mv,"{""lines"": [""94KazcF2-iOrowSwLe6Xi"", ""MptfUMaYaGAsSPsH66WKe"", ""UnbtqWm0138b5Id8RVcbM"", ""Zfz7SThoqOBczwIAisF96""]}"
shell-bash,R5,False,shell-bash:DUUstDjzKKAXN1IXzbqjt,topic,Files & Directories,shell-bash:fssn0pz6ooqG-EE8rZl-L,touch,"{""lines"": [""94KazcF2-iOrowSwLe6Xi"", ""MptfUMaYaGAsSPsH66WKe"", ""UnbtqWm0138b5Id8RVcbM"", ""Zfz7SThoqOBczwIAisF96""]}"
shell-bash,R5,False,shell-bash:DUUstDjzKKAXN1IXzbqjt,topic,Files & Directories,shell-bash:gCPCTm96RrFeNM_Ok4TAY,cp,"{""lines"": [""94KazcF2-iOrowSwLe6Xi"", ""MptfUMaYaGAsSPsH66WKe"", ""UnbtqWm0138b5Id8RVcbM"", ""Zfz7SThoqOBczwIAisF96""]}"
shell-bash,R5,False,shell-bash:DUUstDjzKKAXN1IXzbqjt,topic,Files & Directories,shell-bash:uS5HS_4a-lk3AtXaMyAlp,rm,"{""lines"": [""94KazcF2-iOrowSwLe6Xi"", ""MptfUMaYaGAsSPsH66WKe"", ""UnbtqWm0138b5Id8RVcbM"", ""Zfz7SThoqOBczwIAisF96""]}"
shell-bash,R5,False,shell-bash:DUUstDjzKKAXN1IXzbqjt,topic,Files & Directories,shell-bash:Zom0OpBLi153i8hkoYLj5,cat,"{""lines"": [""94KazcF2-iOrowSwLe6Xi"", ""MptfUMaYaGAsSPsH66WKe"", ""UnbtqWm0138b5Id8RVcbM"", ""Zfz7SThoqOBczwIAisF96""]}"
shell-bash,R5,False,shell-bash:DUUstDjzKKAXN1IXzbqjt,topic,Files & Directories,shell-bash:9A6SE89by-1I2HmpGarLj,cd,"{""lines"": [""94KazcF2-iOrowSwLe6Xi"", ""MptfUMaYaGAsSPsH66WKe"", ""UnbtqWm0138b5Id8RVcbM"", ""Zfz7SThoqOBczwIAisF96""]}"
shell-bash,R5,False,shell-bash:DUUstDjzKKAXN1IXzbqjt,topic,Files & Directories,shell-bash:cqZP-2xfil-1Zq3TD7qiN,rmdir,"{""lines"": [""94KazcF2-iOrowSwLe6Xi"", ""MptfUMaYaGAsSPsH66WKe"", ""UnbtqWm0138b5Id8RVcbM"", ""Zfz7SThoqOBczwIAisF96""]}"
shell-bash,R5,False,shell-bash:DUUstDjzKKAXN1IXzbqjt,topic,Files & Directories,shell-bash:k45FWrNrRuIp6HEN3ysTd,echo,"{""lines"": [""94KazcF2-iOrowSwLe6Xi"", ""MptfUMaYaGAsSPsH66WKe"", ""UnbtqWm0138b5Id8RVcbM"", ""Zfz7SThoqOBczwIAisF96""]}"
shell-bash,R5,False,shell-bash:DUUstDjzKKAXN1IXzbqjt,topic,Files & Directories,shell-bash:pAb3O3Isca9u6yK5mqWQ2,find,"{""lines"": [""94KazcF2-iOrowSwLe6Xi"", ""MptfUMaYaGAsSPsH66WKe"", ""UnbtqWm0138b5Id8RVcbM"", ""Zfz7SThoqOBczwIAisF96""]}"
shell-bash,R5,False,shell-bash:DUUstDjzKKAXN1IXzbqjt,topic,Files & Directories,shell-bash:QnC0gCoBj_559CgaTQgr4,Navigate between dirs,"{""lines"": [""94KazcF2-iOrowSwLe6Xi"", ""MptfUMaYaGAsSPsH66WKe"", ""UnbtqWm0138b5Id8RVcbM"", ""Zfz7SThoqOBczwIAisF96""]}"
shell-bash,R2,False,shell-bash:UkU8b0Va8i7tdztckwFuo,label,View & Search,shell-bash:kW_sjWK-rtGokfL_OByhM,"less, more","{""section"": ""NMy6-nD3jAkUVcOj0TthU""}"
shell-bash,R2,False,shell-bash:UkU8b0Va8i7tdztckwFuo,label,View & Search,shell-bash:ZqAwAme_yvasmYHEZID1G,grep,"{""section"": ""NMy6-nD3jAkUVcOj0TthU""}"
shell-bash,R2,False,shell-bash:UkU8b0Va8i7tdztckwFuo,label,View & Search,shell-bash:WSxairrSGlV0LEps2xeIC,"head, tail","{""section"": ""NMy6-nD3jAkUVcOj0TthU""}"
shell-bash,R2,False,shell-bash:UkU8b0Va8i7tdztckwFuo,label,View & Search,shell-bash:ud8fTxgvvbhCyyAxJA6lc,find,"{""section"": ""NMy6-nD3jAkUVcOj0TthU""}"
shell-bash,R5,False,shell-bash:it421LC-vLFNmTcWxrsX6,topic,Text Editors,shell-bash:NtjrVcEHf8wuh771U2AMI,Nano,"{""lines"": [""A8yHsbJui8IZSiQGol4_K"", ""NjYarMv0YgMD6kXyW3X5d""]}"
shell-bash,R5,False,shell-bash:it421LC-vLFNmTcWxrsX6,topic,Text Editors,shell-bash:AiDr7sOJkSN6p346jcDpJ,Emacs,"{""lines"": [""A8yHsbJui8IZSiQGol4_K"", ""NjYarMv0YgMD6kXyW3X5d""]}"
shell-bash,R5,False,shell-bash:it421LC-vLFNmTcWxrsX6,topic,Text Editors,shell-bash:jPAHVLBC87n4TIyiAZJue,Vim,"{""lines"": [""A8yHsbJui8IZSiQGol4_K"", ""NjYarMv0YgMD6kXyW3X5d""]}"
shell-bash,R5,False,shell-bash:it421LC-vLFNmTcWxrsX6,topic,Text Editors,shell-bash:QZXUYcr1vvbvxRmPSsK53,Vi,"{""lines"": [""A8yHsbJui8IZSiQGol4_K"", ""NjYarMv0YgMD6kXyW3X5d""]}"
shell-bash,R2,False,shell-bash:4HK6WBtTsz9sTk-4yANcz,label,Variables,shell-bash:1mBAGIrg4ohvJcJ-y8Kbl,Environment vs Shell vars.,"{""section"": ""RdH9oRDP2urFyvbeEiWzm""}"
shell-bash,R2,False,shell-bash:4HK6WBtTsz9sTk-4yANcz,label,Variables,shell-bash:4leZS9_-GAbx5ycMQosOX,"Create, Print, Modify","{""section"": ""RdH9oRDP2urFyvbeEiWzm""}"
shell-bash,R2,False,shell-bash:4HK6WBtTsz9sTk-4yANcz,label,Variables,shell-bash:ivcDgpa1kMPxcOt1OCjba,Variable Scopes,"{""section"": ""RdH9oRDP2urFyvbeEiWzm""}"
shell-bash,R2,False,shell-bash:4HK6WBtTsz9sTk-4yANcz,label,Variables,shell-bash:_BzADQXji4lVY620U4cZa,Special variables ,"{""section"": ""RdH9oRDP2urFyvbeEiWzm""}"
shell-bash,R2,False,shell-bash:4HK6WBtTsz9sTk-4yANcz,label,Variables,shell-bash:9-PPCJDdGh5SWKT4jT6Zs,Variables best practices,"{""section"": ""RdH9oRDP2urFyvbeEiWzm""}"
shell-bash,R1,True,shell-bash:PS9R8AX-_dgeqYL2Y67Ff,topic,String Manipulation,shell-bash:6TonvFzr_nmoFsATwuZK7,Substring extraction,"{""siblings_with_explicit_parent"": [""sBI1aCY7XmXBwqTrokt9F""]}"
shell-bash,R1,True,shell-bash:PS9R8AX-_dgeqYL2Y67Ff,topic,String Manipulation,shell-bash:aYQlgbgFt250MW1nLYvFK,Pattern replacement,"{""siblings_with_explicit_parent"": [""sBI1aCY7XmXBwqTrokt9F""]}"
shell-bash,R1,True,shell-bash:PS9R8AX-_dgeqYL2Y67Ff,topic,String Manipulation,shell-bash:cBJbM6nl0Dy9Ru5hruzpK,Case conversion,"{""siblings_with_explicit_parent"": [""sBI1aCY7XmXBwqTrokt9F""]}"
shell-bash,R1,True,shell-bash:n0sesqABTmbGYmcqlpH4b,topic,Input/Output,shell-bash:o2vQXl9WDOO4NAsLjYv_4,Read user input,"{""siblings_with_explicit_parent"": [""D0VV5UpW2X4mMghpp2fdo""]}"
shell-bash,R1,True,shell-bash:n0sesqABTmbGYmcqlpH4b,topic,Input/Output,shell-bash:XCCuDzGE-5LPhHEPGvVMj,printf formatting,"{""siblings_with_explicit_parent"": [""D0VV5UpW2X4mMghpp2fdo""]}"
shell-bash,R1,True,shell-bash:n0sesqABTmbGYmcqlpH4b,topic,Input/Output,shell-bash:WOoTpi1vAZpktjtQgG9GK,Here documents,"{""siblings_with_explicit_parent"": [""D0VV5UpW2X4mMghpp2fdo""]}"
shell-bash,R1,True,shell-bash:vM0Y4fao-pNjNjWYCJve3,topic,Bash Data Types,shell-bash:Sz2F519WqEhkKZE0NBveH,Strings,"{""siblings_with_explicit_parent"": [""YM7wA4MgeailSoXR_03Qx""]}"
shell-bash,R1,True,shell-bash:vM0Y4fao-pNjNjWYCJve3,topic,Bash Data Types,shell-bash:4WFWrrcvLgU8Fz8RjQ4lf,Arrays ,"{""siblings_with_explicit_parent"": [""YM7wA4MgeailSoXR_03Qx""]}"
shell-bash,R1,True,shell-bash:vM0Y4fao-pNjNjWYCJve3,topic,Bash Data Types,shell-bash:a5cz3ZGg-JQKzdJdihCtO,Numeric,"{""siblings_with_explicit_parent"": [""YM7wA4MgeailSoXR_03Qx""]}"
shell-bash,R1,True,shell-bash:Co0k7A7MyQoELnPwPU10m,topic,Bash Operators,shell-bash:XUDkgfURAsI_A3v3EPZA_,Comparison ,"{""siblings_with_explicit_parent"": [""60ika3rjs42VIk-3AcOdq""]}"
shell-bash,R1,True,shell-bash:Co0k7A7MyQoELnPwPU10m,topic,Bash Operators,shell-bash:ryZ2MI4blZCwfuNC_TeUe,String operators,"{""siblings_with_explicit_parent"": [""60ika3rjs42VIk-3AcOdq""]}"
shell-bash,R1,True,shell-bash:Co0k7A7MyQoELnPwPU10m,topic,Bash Operators,shell-bash:tRwO9DC_ZUD4g5iSVC40u,Logical,"{""siblings_with_explicit_parent"": [""60ika3rjs42VIk-3AcOdq""]}"
shell-bash,R1,True,shell-bash:Co0k7A7MyQoELnPwPU10m,topic,Bash Operators,shell-bash:PuV5XtaeKgb9vdFIKta5M,File test ,"{""siblings_with_explicit_parent"": [""60ika3rjs42VIk-3AcOdq""]}"
shell-bash,R5,False,shell-bash:BCkD0b9unC1lfjUThU3hX,topic,Script Arguments,shell-bash:DiYuY3M3eD1WKO5w16Swa,"$1, $2, $3","{""lines"": [""_-ADHOnSRkTnioVBDZTSl"", ""vkqAxGF-Ah2EL_hZu3FDX""]}"
shell-bash,R5,False,shell-bash:BCkD0b9unC1lfjUThU3hX,topic,Script Arguments,shell-bash:pgZIDDxAP9mOtEI0HL3l-,$0,"{""lines"": [""_-ADHOnSRkTnioVBDZTSl"", ""vkqAxGF-Ah2EL_hZu3FDX""]}"
shell-bash,R5,False,shell-bash:BCkD0b9unC1lfjUThU3hX,topic,Script Arguments,shell-bash:VLzMSaoVA46PTLHwZtDUx,$@ ,"{""lines"": [""_-ADHOnSRkTnioVBDZTSl"", ""vkqAxGF-Ah2EL_hZu3FDX""]}"
shell-bash,R5,False,shell-bash:BCkD0b9unC1lfjUThU3hX,topic,Script Arguments,shell-bash:2Fh0NFuNxuc-wU3VXv8Zj,$* ,"{""lines"": [""_-ADHOnSRkTnioVBDZTSl"", ""vkqAxGF-Ah2EL_hZu3FDX""]}"
shell-bash,R5,False,shell-bash:BCkD0b9unC1lfjUThU3hX,topic,Script Arguments,shell-bash:hoRtqMV7B23bBJFI-RWRB,$#,"{""lines"": [""_-ADHOnSRkTnioVBDZTSl"", ""vkqAxGF-Ah2EL_hZu3FDX""]}"
shell-bash,R5,False,shell-bash:BCkD0b9unC1lfjUThU3hX,topic,Script Arguments,shell-bash:u_kpVb3V8Xp-0fex_5-yG,shift,"{""lines"": [""_-ADHOnSRkTnioVBDZTSl"", ""vkqAxGF-Ah2EL_hZu3FDX""]}"
shell-bash,R5,False,shell-bash:fG4D7iuiCDlV1PFwMfAdM,topic,Exit Codes,shell-bash:JB_FThjpxO-7G01XrKDPi,exit,"{""lines"": [""UQSBZQnZyZOG6_RmQJbb4"", ""s3Hf8dcEq5Ikb3hf2UVZg""]}"
shell-bash,R5,False,shell-bash:fG4D7iuiCDlV1PFwMfAdM,topic,Exit Codes,shell-bash:hxjqlxolS_ahtro4T0EKG,$?,"{""lines"": [""UQSBZQnZyZOG6_RmQJbb4"", ""s3Hf8dcEq5Ikb3hf2UVZg""]}"
shell-bash,R5,False,shell-bash:fG4D7iuiCDlV1PFwMfAdM,topic,Exit Codes,shell-bash:wKMq5G8cmqo3JnHG4Z-c1,Success vs failure ,"{""lines"": [""UQSBZQnZyZOG6_RmQJbb4"", ""s3Hf8dcEq5Ikb3hf2UVZg""]}"
shell-bash,R5,False,shell-bash:tEaYnBeI5tO8NT-a1PG3B,topic,Conditionals,shell-bash:fz9XJLGkMPpq6TRJn3Hsh,if,"{""lines"": [""1m8lLknZhviP_MOjmhgzw"", ""L4KgH_DMlaJntqlZPnRms""]}"
shell-bash,R5,False,shell-bash:tEaYnBeI5tO8NT-a1PG3B,topic,Conditionals,shell-bash:SSSVVAve99X8FZX9vtHlo,case,"{""lines"": [""1m8lLknZhviP_MOjmhgzw"", ""L4KgH_DMlaJntqlZPnRms""]}"
shell-bash,R1,True,shell-bash:1rIFm5ROQ8b1rsWeD9h4x,topic,Loops,shell-bash:zE7sS5VNUbEbt1y2iSvEi,for,"{""siblings_with_explicit_parent"": [""Wl39zpLh6alsMkn0YZ9-N""]}"
shell-bash,R1,True,shell-bash:1rIFm5ROQ8b1rsWeD9h4x,topic,Loops,shell-bash:yX-SskrRyFAUFpyIYG7BU,while,"{""siblings_with_explicit_parent"": [""Wl39zpLh6alsMkn0YZ9-N""]}"
shell-bash,R1,True,shell-bash:1rIFm5ROQ8b1rsWeD9h4x,topic,Loops,shell-bash:51xww3YG_O8O7y8CUum83,until,"{""siblings_with_explicit_parent"": [""Wl39zpLh6alsMkn0YZ9-N""]}"
shell-bash,R5,False,shell-bash:aNpvGNnV0q-7emxJVJow2,topic,Error Handling,shell-bash:I-N9SM8ZVcOTVQs8_vtJm,set -e ,"{""lines"": [""bEqd0otw55vTo1Q8M628e"", ""q0llun_f5RVovBueK6JyH""]}"
shell-bash,R5,False,shell-bash:aNpvGNnV0q-7emxJVJow2,topic,Error Handling,shell-bash:OOskpOLWFe1rN0XMuabAS,set -o,"{""lines"": [""bEqd0otw55vTo1Q8M628e"", ""q0llun_f5RVovBueK6JyH""]}"
shell-bash,R5,False,shell-bash:aNpvGNnV0q-7emxJVJow2,topic,Error Handling,shell-bash:HrzalKXWVmqD-8SfdQJVu,set -u ,"{""lines"": [""bEqd0otw55vTo1Q8M628e"", ""q0llun_f5RVovBueK6JyH""]}"
shell-bash,R5,False,shell-bash:aNpvGNnV0q-7emxJVJow2,topic,Error Handling,shell-bash:Qs5jcx6d643cJDdhkPPxD,Error logging,"{""lines"": [""bEqd0otw55vTo1Q8M628e"", ""q0llun_f5RVovBueK6JyH""]}"
shell-bash,R5,False,shell-bash:aNpvGNnV0q-7emxJVJow2,topic,Error Handling,shell-bash:c0F44DSG7eVcqwaOfk2Z-,trap,"{""lines"": [""bEqd0otw55vTo1Q8M628e"", ""q0llun_f5RVovBueK6JyH""]}"
shell-bash,R5,False,shell-bash:ZTJrnx12KSrcyUfd0RfPu,topic,Process Management,shell-bash:7-4WglSAbhBZUpP8HS6xY,nohup,"{""lines"": [""g-FLBZuP0bdI4w-vB-7zP"", ""k7uW3URwNERpUEqh5ZaaN""]}"
shell-bash,R5,False,shell-bash:ZTJrnx12KSrcyUfd0RfPu,topic,Process Management,shell-bash:Sn7RlXc5dgD1gqDGikco-,jobs,"{""lines"": [""g-FLBZuP0bdI4w-vB-7zP"", ""k7uW3URwNERpUEqh5ZaaN""]}"
shell-bash,R5,False,shell-bash:ZTJrnx12KSrcyUfd0RfPu,topic,Process Management,shell-bash:Qs07iAbFbJk97xHpo10dO,disown,"{""lines"": [""g-FLBZuP0bdI4w-vB-7zP"", ""k7uW3URwNERpUEqh5ZaaN""]}"
shell-bash,R5,False,shell-bash:ZTJrnx12KSrcyUfd0RfPu,topic,Process Management,shell-bash:Ey38pCn0vlhZXLrJChtIW,"fg, bg","{""lines"": [""g-FLBZuP0bdI4w-vB-7zP"", ""k7uW3URwNERpUEqh5ZaaN""]}"
shell-bash,R5,False,shell-bash:ZTJrnx12KSrcyUfd0RfPu,topic,Process Management,shell-bash:Oc80VSBDYTHkGOV4Jqo19,Process substitution,"{""lines"": [""g-FLBZuP0bdI4w-vB-7zP"", ""k7uW3URwNERpUEqh5ZaaN""]}"
shell-bash,R2,False,shell-bash:VZqkqJcYPbGB5J7rT-a8n,label,System Monitoring,shell-bash:gOdW5k4fRu9P-3D3ze8aA,ps,"{""section"": ""GhQcZ769W04wlLlFLXxsu""}"
shell-bash,R2,False,shell-bash:VZqkqJcYPbGB5J7rT-a8n,label,System Monitoring,shell-bash:8Ll6sByPqMnjVms5J1ns5,free,"{""section"": ""GhQcZ769W04wlLlFLXxsu""}"
shell-bash,R2,False,shell-bash:VZqkqJcYPbGB5J7rT-a8n,label,System Monitoring,shell-bash:M2afRR6yY8iq85_MnfGKV,"top, htop","{""section"": ""GhQcZ769W04wlLlFLXxsu""}"
shell-bash,R2,False,shell-bash:VZqkqJcYPbGB5J7rT-a8n,label,System Monitoring,shell-bash:rmSSz2ka9e1nQwx18Ofy8,"df, du","{""section"": ""GhQcZ769W04wlLlFLXxsu""}"
shell-bash,R2,False,shell-bash:VZqkqJcYPbGB5J7rT-a8n,label,System Monitoring,shell-bash:lwul2wUhhCnXxKO6-ysX2,"iostat, vmstat","{""section"": ""GhQcZ769W04wlLlFLXxsu""}"
shell-bash,R2,False,shell-bash:VZqkqJcYPbGB5J7rT-a8n,label,System Monitoring,shell-bash:R57tdCBI0rLmzWEuJeBTW,uptime,"{""section"": ""GhQcZ769W04wlLlFLXxsu""}"
shell-bash,R2,False,shell-bash:9prQb87v10SNntlWKPKi5,label,Text Transform,shell-bash:rtzApgTlDTfC_rdCnU6xx,"join, split","{""section"": ""12H3psmYm-zYMqXcFfJ39""}"
shell-bash,R2,False,shell-bash:9prQb87v10SNntlWKPKi5,label,Text Transform,shell-bash:EU-UAaRVY2s_PLZHJWf9z,"cut, paste","{""section"": ""12H3psmYm-zYMqXcFfJ39""}"
shell-bash,R2,False,shell-bash:9prQb87v10SNntlWKPKi5,label,Text Transform,shell-bash:YJblaz_GKC5sH7ntFe5ls,tr,"{""section"": ""12H3psmYm-zYMqXcFfJ39""}"
shell-bash,R2,False,shell-bash:9prQb87v10SNntlWKPKi5,label,Text Transform,shell-bash:4XfvvrFQoV0X7dfaKYFlv,sed,"{""section"": ""12H3psmYm-zYMqXcFfJ39""}"
shell-bash,R2,False,shell-bash:9prQb87v10SNntlWKPKi5,label,Text Transform,shell-bash:Jh1gVJvhe-H22VB4hnbuU,awk,"{""section"": ""12H3psmYm-zYMqXcFfJ39""}"
shell-bash,R2,False,shell-bash:v8GkZDSyDBYTXTOPuMk-w,label,Analysis,shell-bash:P9pwqBvPDhcvVIj8fNhGX,sort,"{""section"": ""4kvjQFObp7fXUVkaMYpxS""}"
shell-bash,R2,False,shell-bash:v8GkZDSyDBYTXTOPuMk-w,label,Analysis,shell-bash:mg5f-DAezgwmwflmncSsO,wc,"{""section"": ""4kvjQFObp7fXUVkaMYpxS""}"
shell-bash,R2,False,shell-bash:v8GkZDSyDBYTXTOPuMk-w,label,Analysis,shell-bash:4pygQshD_WdP0i6xq3Kc8,uniq,"{""section"": ""4kvjQFObp7fXUVkaMYpxS""}"
shell-bash,R2,False,shell-bash:v8GkZDSyDBYTXTOPuMk-w,label,Analysis,shell-bash:TZEmlwTGBWAZ6w8jZ-p8U,nl,"{""section"": ""4kvjQFObp7fXUVkaMYpxS""}"
shell-bash,R2,False,shell-bash:txRGPbgf0YGuEEYsM9vpP,label,Wildcards,shell-bash:qG71FX6DwRm1rdtjtN78u,?,"{""section"": ""mLfUouDr1p7tNq4XvfaHO""}"
shell-bash,R2,False,shell-bash:txRGPbgf0YGuEEYsM9vpP,label,Wildcards,shell-bash:X6aVYPapBn-EC9Dw6LMDB,*,"{""section"": ""mLfUouDr1p7tNq4XvfaHO""}"
shell-bash,R2,False,shell-bash:txRGPbgf0YGuEEYsM9vpP,label,Wildcards,shell-bash:Pr8XdVGYBIuCyRW4w45sa,[...],"{""section"": ""mLfUouDr1p7tNq4XvfaHO""}"
shell-bash,R2,False,shell-bash:txRGPbgf0YGuEEYsM9vpP,label,Wildcards,shell-bash:mYg9d8e0_XjtXBqBYtaaL,{...},"{""section"": ""mLfUouDr1p7tNq4XvfaHO""}"
shell-bash,R2,False,shell-bash:iLlCMD61QthgIKoHU59RG,label,Working with Numerics,shell-bash:LHoR6krZTuJW5BGiKf_AT,Arithmetic expansion,"{""section"": ""3LCft8Ctih7Tof3h8DB86""}"
shell-bash,R2,False,shell-bash:iLlCMD61QthgIKoHU59RG,label,Working with Numerics,shell-bash:VOYYJUqKqkTRaxqUip8yr,expr,"{""section"": ""3LCft8Ctih7Tof3h8DB86""}"
shell-bash,R2,False,shell-bash:iLlCMD61QthgIKoHU59RG,label,Working with Numerics,shell-bash:B2g_optsVEtw-5vRYIpgb,bc,"{""section"": ""3LCft8Ctih7Tof3h8DB86""}"
shell-bash,R2,False,shell-bash:iLlCMD61QthgIKoHU59RG,label,Working with Numerics,shell-bash:GXF6SSkYtVyGYB_LFSIpe,awk,"{""section"": ""3LCft8Ctih7Tof3h8DB86""}"
shell-bash,R2,False,shell-bash:iLlCMD61QthgIKoHU59RG,label,Working with Numerics,shell-bash:oI019HqH9UO_tQRe2xebi,let,"{""section"": ""3LCft8Ctih7Tof3h8DB86""}"
shell-bash,R1,True,shell-bash:peZDR615PgGw7TQalyG_2,topic,Functions,shell-bash:lil5vo78g474F1yomar9y,Function Scopes,"{""siblings_with_explicit_parent"": [""X4-kdfaVimq5VP_gPTWR0""]}"
shell-bash,R1,True,shell-bash:fR3sok0EJTGHELbPO6MAW,topic,Debugging,shell-bash:8Q1FCxKYYl-HnMGkwdK6h,set -x,"{""siblings_with_explicit_parent"": [""6hXvAV0R7FlJ8UkQzRzMZ""]}"
shell-bash,R1,True,shell-bash:fR3sok0EJTGHELbPO6MAW,topic,Debugging,shell-bash:_UDEyH6hECoOoXcbcXTLy,bash -n,"{""siblings_with_explicit_parent"": [""6hXvAV0R7FlJ8UkQzRzMZ""]}"
shell-bash,R1,True,shell-bash:fR3sok0EJTGHELbPO6MAW,topic,Debugging,shell-bash:r_G62Mx-S8wBcxduFbPMh,shellcheck,"{""siblings_with_explicit_parent"": [""6hXvAV0R7FlJ8UkQzRzMZ""]}"
shell-bash,R2,False,shell-bash:39EtJ6dMFURRGqqPNGEAq,label,Networking,shell-bash:D-sgMFB-IhNw41hNJsSF6,ping,"{""section"": ""CR-dxBmQnlmcW2bL9KQRJ""}"
shell-bash,R2,False,shell-bash:39EtJ6dMFURRGqqPNGEAq,label,Networking,shell-bash:F5w3pYH5Z58NAJ81p5q8n,wget,"{""section"": ""CR-dxBmQnlmcW2bL9KQRJ""}"
shell-bash,R2,False,shell-bash:39EtJ6dMFURRGqqPNGEAq,label,Networking,shell-bash:ZWMGvUxnohv6-dzsaSHuB,curl,"{""section"": ""CR-dxBmQnlmcW2bL9KQRJ""}"
shell-bash,R2,False,shell-bash:39EtJ6dMFURRGqqPNGEAq,label,Networking,shell-bash:eVbx1WsfeHcVaFs-vXpwF,ssh,"{""section"": ""CR-dxBmQnlmcW2bL9KQRJ""}"
shell-bash,R2,False,shell-bash:39EtJ6dMFURRGqqPNGEAq,label,Networking,shell-bash:mImvR0TfLjDqj_Td4G7Gy,rsync,"{""section"": ""CR-dxBmQnlmcW2bL9KQRJ""}"
shell-bash,R2,False,shell-bash:39EtJ6dMFURRGqqPNGEAq,label,Networking,shell-bash:PzRwOkhukRE1cTHXOXUTu,scp,"{""section"": ""CR-dxBmQnlmcW2bL9KQRJ""}"
shell-bash,R2,False,shell-bash:39EtJ6dMFURRGqqPNGEAq,label,Networking,shell-bash:q-41zNMAJ-BYwrz_fZP60,"ifconfig, ip","{""section"": ""CR-dxBmQnlmcW2bL9KQRJ""}"
shell-bash,R2,False,shell-bash:39EtJ6dMFURRGqqPNGEAq,label,Networking,shell-bash:bX48eoEWdUFeL2rYXuzG5,"netstat, ss","{""section"": ""CR-dxBmQnlmcW2bL9KQRJ""}"
shell-bash,R5,False,shell-bash:Kwr37_gNDhkwSkg49bg35,topic,Package Management,shell-bash:d8jGE833q0Wf6gB3DZil4,brew,"{""lines"": [""9oNAH4CTTnuhHEBluDRFq"", ""JxcDueue_wB1Z2TZPviYb""]}"
shell-bash,R5,False,shell-bash:Kwr37_gNDhkwSkg49bg35,topic,Package Management,shell-bash:nfyh2co43xfR9DJbNnM_Y,apt,"{""lines"": [""9oNAH4CTTnuhHEBluDRFq"", ""JxcDueue_wB1Z2TZPviYb""]}"
shell-bash,R5,False,shell-bash:Kwr37_gNDhkwSkg49bg35,topic,Package Management,shell-bash:iE263510iTgm3OEeB9b77,dnf,"{""lines"": [""9oNAH4CTTnuhHEBluDRFq"", ""JxcDueue_wB1Z2TZPviYb""]}"
shell-bash,R5,False,shell-bash:Kwr37_gNDhkwSkg49bg35,topic,Package Management,shell-bash:_p6LP0uvp9QpBISr1t4KX,yum,"{""lines"": [""9oNAH4CTTnuhHEBluDRFq"", ""JxcDueue_wB1Z2TZPviYb""]}"
shell-bash,R2,False,shell-bash:Mn7cVjQOVm5Kr1_cjghVc,label,File Compression,shell-bash:ESjj2b8Hk0Irj4E2Gmj6w,tar,"{""section"": ""taF4TabPYb8vAmjeEfdng""}"
shell-bash,R2,False,shell-bash:Mn7cVjQOVm5Kr1_cjghVc,label,File Compression,shell-bash:b8ph0RGUpVWrgEQ05Wvgy,"gzip, gunzip","{""section"": ""taF4TabPYb8vAmjeEfdng""}"
shell-bash,R2,False,shell-bash:Mn7cVjQOVm5Kr1_cjghVc,label,File Compression,shell-bash:hOtzJ9tH4OcB2uI2T_si5,"zip, unzip","{""section"": ""taF4TabPYb8vAmjeEfdng""}"
shell-bash,R2,False,shell-bash:Mn7cVjQOVm5Kr1_cjghVc,label,File Compression,shell-bash:qedrcO4QA2ZxV24l0Q6Or,"bzip2, xz","{""section"": ""taF4TabPYb8vAmjeEfdng""}"
shell-bash,R2,False,shell-bash:3FTtGJyjAb4Y3bEaLuU4_,label,Task Schedulling,shell-bash:QGDwieDblgpS6U0n_Ivt8,"cron, crontab","{""section"": ""seu0KkOi5-WnaaFMRNbNY""}"
shell-bash,R2,False,shell-bash:3FTtGJyjAb4Y3bEaLuU4_,label,Task Schedulling,shell-bash:Wny7lCxP2M1FaoUYDD7Gf,at,"{""section"": ""seu0KkOi5-WnaaFMRNbNY""}"
shell-bash,R2,False,shell-bash:3FTtGJyjAb4Y3bEaLuU4_,label,Task Schedulling,shell-bash:ResodrV_p7zK1dJbqT0us,systemd timers,"{""section"": ""seu0KkOi5-WnaaFMRNbNY""}"
claude-code,R1,True,claude-code:thR8GUbuAkEL4sb4m3llJ,topic,Ways to use Claude,claude-code:3r-vFlVAEirxD1gaFOO4H,Claude CLI,"{""siblings_with_explicit_parent"": [""ONhEanq8I2RE-Jc_YY3Wa"", ""e12uqC2SEzaMfmBbz7VZf"", ""rIG8F-Rc-fMeXZ5n0UTwi"", ""wLaM_NHs7-ANFhtjYiY-F""]}"
claude-code,R1,True,claude-code:OBtJvLaEV3giUhvGFofKv,topic,Connecting Tools with MCP,claude-code:GhJI9_4w3RM0_BfWNXbim,Channels,"{""siblings_with_explicit_parent"": [""U22jPxfQWbu7-54OcsqkV"", ""q26hZANRABWXI8bzE0ai2""]}"
seo,R1,True,seo:iDrvnpv1oyR3z03NS4vXs,topic,Keyword Research,seo:QjR5TdmTfe-Mxu72Q8Pth,Ahrefs,"{""siblings_with_explicit_parent"": [""4tBuZz4ZPF7bjcYxRbB1E"", ""CIxeK5tsOKl-HP58X75cU""]}"
seo,R1,True,seo:hR1xBsfGsPJh--WG_01qp,topic,Rank Tracking,seo:Tzgf0ac-94aEw1tixeAd9,Semrush,"{""siblings_with_explicit_parent"": [""8rYi-p6zBdQNk3Yy7GwbF""]}"
seo,R1,True,seo:M3BNI1m3kelrtO5UZuunv,topic,AI Visibility Measurement,seo:WXVTvnH4sTTJOmhrX-0mO,Peec,"{""siblings_with_explicit_parent"": [""2osiMJHPrm4zk_5rdLaGk"", ""T7rsATMjOf6aCoTFCHDJ1"", ""g45K_0aau7_T-yiUXjP-T""]}"
cyber-security,R5,False,cyber-security:oimYzZYFXKjgvc7D4c-2u,topic,Fundamental IT Skills,cyber-security:Ih0YZt8u9vDwYo8y1t41n,Computer Hardware Components,"{""lines"": [""cufgzgnnTxPucwhSz3BQo""]}"
cyber-security,R5,False,cyber-security:oimYzZYFXKjgvc7D4c-2u,topic,Fundamental IT Skills,cyber-security:pJUhQin--BGMuXHPwx3JJ,OS-Independent Troubleshooting,"{""lines"": [""cufgzgnnTxPucwhSz3BQo""]}"
cyber-security,R5,False,cyber-security:oimYzZYFXKjgvc7D4c-2u,topic,Fundamental IT Skills,cyber-security:T0aU8ZQGShmF9uXhWY4sD,Basics of Computer Networking,"{""lines"": [""cufgzgnnTxPucwhSz3BQo""]}"
cyber-security,R5,False,cyber-security:UY6xdt_V3YMkZxZ1hZLvW,topic,Operating Systems,cyber-security:BNUKEQ4YpZmIhSPQdkHgU,Windows,"{""lines"": [""S_kvx3o0Astz09U2X6RAi"", ""aTv22cTfxUAc0mlwUMhfN"", ""x0yoSjQ3wyxYMYYQD58em""]}"
cyber-security,R5,False,cyber-security:UY6xdt_V3YMkZxZ1hZLvW,topic,Operating Systems,cyber-security:4frVcjYI1VlVU9hQgpwcT,Linux,"{""lines"": [""S_kvx3o0Astz09U2X6RAi"", ""aTv22cTfxUAc0mlwUMhfN"", ""x0yoSjQ3wyxYMYYQD58em""]}"
cyber-security,R5,False,cyber-security:UY6xdt_V3YMkZxZ1hZLvW,topic,Operating Systems,cyber-security:dztwr-DSckggQbcNIi4_2,MacOS,"{""lines"": [""S_kvx3o0Astz09U2X6RAi"", ""aTv22cTfxUAc0mlwUMhfN"", ""x0yoSjQ3wyxYMYYQD58em""]}"
cyber-security,R2,False,cyber-security:_4aPOIqioIWCEWbPqC6rV,label,Learn following for each,cyber-security:02aaEP9E5tlefeGBxf_Rj,Installation and Configuration,"{""section"": ""-EnxQFVTyS3p-gp0QyPCd""}"
cyber-security,R2,False,cyber-security:_4aPOIqioIWCEWbPqC6rV,label,Learn following for each,cyber-security:yXOGqlufAZ69uiBzKFfh6,Different Versions and Differences,"{""section"": ""-EnxQFVTyS3p-gp0QyPCd""}"
cyber-security,R2,False,cyber-security:_4aPOIqioIWCEWbPqC6rV,label,Learn following for each,cyber-security:MGitS_eJBoY99zOR-W3F4,Navigating using GUI and CLI,"{""section"": ""-EnxQFVTyS3p-gp0QyPCd""}"
cyber-security,R2,False,cyber-security:_4aPOIqioIWCEWbPqC6rV,label,Learn following for each,cyber-security:bTfL7cPOmBBFl-eHxUJI6,Understand Permissions,"{""section"": ""-EnxQFVTyS3p-gp0QyPCd""}"
cyber-security,R2,False,cyber-security:_4aPOIqioIWCEWbPqC6rV,label,Learn following for each,cyber-security:Ot3LGpM-CT_nKsNqIKIye,Installing Software and Applications,"{""section"": ""-EnxQFVTyS3p-gp0QyPCd""}"
cyber-security,R2,False,cyber-security:_4aPOIqioIWCEWbPqC6rV,label,Learn following for each,cyber-security:zRXyoJMap9irOYo3AdHE8,Performing CRUD on Files,"{""section"": ""-EnxQFVTyS3p-gp0QyPCd""}"
cyber-security,R2,False,cyber-security:_4aPOIqioIWCEWbPqC6rV,label,Learn following for each,cyber-security:xeRWOX1fWQDLNLWMAFTEe,Troubleshooting,"{""section"": ""-EnxQFVTyS3p-gp0QyPCd""}"
cyber-security,R2,False,cyber-security:_4aPOIqioIWCEWbPqC6rV,label,Learn following for each,cyber-security:WDrSO7wBNn-2jB8mcyT7j,Common Commands,"{""section"": ""-EnxQFVTyS3p-gp0QyPCd""}"
cyber-security,R5,False,cyber-security:gSLr-Lc119eX9Ig-kDzJ2,topic,Networking Knowledge,cyber-security:OXUd1UPPsBhNoUGLKZJGV,Understand the OSI Model,"{""lines"": [""e7uabnTNmXPwm-qfDu7Hl""]}"
cyber-security,R5,False,cyber-security:gSLr-Lc119eX9Ig-kDzJ2,topic,Networking Knowledge,cyber-security:ViF-mpR17MB3_KJ1rV8mS,Common Protocols and their Uses,"{""lines"": [""e7uabnTNmXPwm-qfDu7Hl""]}"
cyber-security,R5,False,cyber-security:gSLr-Lc119eX9Ig-kDzJ2,topic,Networking Knowledge,cyber-security:0tx2QYDYXhm85iYrCWd9U,Common Ports and their Uses,"{""lines"": [""e7uabnTNmXPwm-qfDu7Hl""]}"
cyber-security,R5,False,cyber-security:gSLr-Lc119eX9Ig-kDzJ2,topic,Networking Knowledge,cyber-security:dJ0NUsODFhk52W2zZxoPh,SSL and TLS Basics,"{""lines"": [""e7uabnTNmXPwm-qfDu7Hl""]}"
cyber-security,R5,False,cyber-security:gSLr-Lc119eX9Ig-kDzJ2,topic,Networking Knowledge,cyber-security:umbMBQ0yYmB5PgWfY6zfO,Basics of NAS and SAN,"{""lines"": [""e7uabnTNmXPwm-qfDu7Hl""]}"
cyber-security,R2,False,cyber-security:ziELvuQjNdneU2r59whyr,label,IP Terminology,cyber-security:E8Z7qFFW-I9ivr0HzoXCq,Basics of Subnetting,"{""section"": ""L8q17C-usuz7mo1PqDWld""}"
cyber-security,R2,False,cyber-security:ziELvuQjNdneU2r59whyr,label,IP Terminology,cyber-security:2nQfhnvBjJg1uDZ28aE4v,Public vs Private IP Addresses,"{""section"": ""L8q17C-usuz7mo1PqDWld""}"
cyber-security,R2,False,cyber-security:ziELvuQjNdneU2r59whyr,label,IP Terminology,cyber-security:0TWwox-4pSwuXojI8ixFO,localhost,"{""section"": ""L8q17C-usuz7mo1PqDWld""}"
cyber-security,R2,False,cyber-security:ziELvuQjNdneU2r59whyr,label,IP Terminology,cyber-security:f-v8qtweWXFY_Ryo3oYUF,subnet mask,"{""section"": ""L8q17C-usuz7mo1PqDWld""}"
cyber-security,R2,False,cyber-security:ziELvuQjNdneU2r59whyr,label,IP Terminology,cyber-security:5rKaFtjYx0n2iF8uTLs8X,default gateway,"{""section"": ""L8q17C-usuz7mo1PqDWld""}"
cyber-security,R2,False,cyber-security:ziELvuQjNdneU2r59whyr,label,IP Terminology,cyber-security:W_oloLu2Euz5zRSy7v_T8,loopback,"{""section"": ""L8q17C-usuz7mo1PqDWld""}"
cyber-security,R2,False,cyber-security:ziELvuQjNdneU2r59whyr,label,IP Terminology,cyber-security:PPIH1oHW4_ZDyD3U3shDg,CIDR,"{""section"": ""L8q17C-usuz7mo1PqDWld""}"
cyber-security,R2,False,cyber-security:YIrr0O9RSwdonm9IuqqLJ,label,Understand the Terminology,cyber-security:d5Cv3EXf6OXW19yPJ4x6e,VLAN,"{""section"": ""EDAwfCY7aqdDo-VT-k-Js""}"
cyber-security,R2,False,cyber-security:YIrr0O9RSwdonm9IuqqLJ,label,Understand the Terminology,cyber-security:gfpvDQz61I3zTB7tGu7vp,DMZ,"{""section"": ""EDAwfCY7aqdDo-VT-k-Js""}"
cyber-security,R2,False,cyber-security:YIrr0O9RSwdonm9IuqqLJ,label,Understand the Terminology,cyber-security:T4312p70FqRBkzVfWKMaR,DHCP,"{""section"": ""EDAwfCY7aqdDo-VT-k-Js""}"
cyber-security,R2,False,cyber-security:YIrr0O9RSwdonm9IuqqLJ,label,Understand the Terminology,cyber-security:ORIdKG8H97VkBUYpiDtXf,DNS,"{""section"": ""EDAwfCY7aqdDo-VT-k-Js""}"
cyber-security,R2,False,cyber-security:YIrr0O9RSwdonm9IuqqLJ,label,Understand the Terminology,cyber-security:lwSFIbIX-xOZ0QK2sGFb1,Router,"{""section"": ""EDAwfCY7aqdDo-VT-k-Js""}"
cyber-security,R2,False,cyber-security:YIrr0O9RSwdonm9IuqqLJ,label,Understand the Terminology,cyber-security:r9byGV8XuBPzoqj5ZPf2W,Switch,"{""section"": ""EDAwfCY7aqdDo-VT-k-Js""}"
cyber-security,R2,False,cyber-security:YIrr0O9RSwdonm9IuqqLJ,label,Understand the Terminology,cyber-security:Kkd3f_0OYNCdpDgrJ-_Ju,NAT,"{""section"": ""EDAwfCY7aqdDo-VT-k-Js""}"
cyber-security,R2,False,cyber-security:YIrr0O9RSwdonm9IuqqLJ,label,Understand the Terminology,cyber-security:M52V7hmG4ORf4TIVw3W3J,ARP,"{""section"": ""EDAwfCY7aqdDo-VT-k-Js""}"
cyber-security,R2,False,cyber-security:YIrr0O9RSwdonm9IuqqLJ,label,Understand the Terminology,cyber-security:FdoqB2---uDAyz6xZjk_u,IP,"{""section"": ""EDAwfCY7aqdDo-VT-k-Js""}"
cyber-security,R2,False,cyber-security:YIrr0O9RSwdonm9IuqqLJ,label,Understand the Terminology,cyber-security:ZTC5bLWEIQcdmowc7sk_E,VM,"{""section"": ""EDAwfCY7aqdDo-VT-k-Js""}"
cyber-security,R2,False,cyber-security:YIrr0O9RSwdonm9IuqqLJ,label,Understand the Terminology,cyber-security:gTozEpxJeG1NTkVBHH-05,VPN,"{""section"": ""EDAwfCY7aqdDo-VT-k-Js""}"
cyber-security,R2,False,cyber-security:n2nh_Yxc7y1uLO42nZDGA,label,Understand these,cyber-security:LrwTMH_1fTd8iB9wJg-0t,MAN,"{""section"": ""vpVkdDBnrOF3NrXEw8Hpn""}"
cyber-security,R2,False,cyber-security:n2nh_Yxc7y1uLO42nZDGA,label,Understand these,cyber-security:xWxusBtMEWnd-6n7oqjHz,LAN,"{""section"": ""vpVkdDBnrOF3NrXEw8Hpn""}"
cyber-security,R2,False,cyber-security:n2nh_Yxc7y1uLO42nZDGA,label,Understand these,cyber-security:vCkTJMkDXcQmwsmeNUAX5,WAN,"{""section"": ""vpVkdDBnrOF3NrXEw8Hpn""}"
cyber-security,R2,False,cyber-security:n2nh_Yxc7y1uLO42nZDGA,label,Understand these,cyber-security:QCVYF1rmPsMVtklBNDNaB,WLAN,"{""section"": ""vpVkdDBnrOF3NrXEw8Hpn""}"
cyber-security,R3,False,cyber-security:gSLr-Lc119eX9Ig-kDzJ2,topic,Networking Knowledge,cyber-security:R5HEeh6jwpQDo27rz1KSH,DHCP,"{""section"": ""M2J4wsTcEo3IcULZDRNyM"", ""section_edges"": [""reactflow__edge-M2J4wsTcEo3IcULZDRNyMz2-_hYN0gEi9BL24nptEtXWUy1""]}"
cyber-security,R3,False,cyber-security:gSLr-Lc119eX9Ig-kDzJ2,topic,Networking Knowledge,cyber-security:r1IKvhpwg2umazLGlQZL1,DNS,"{""section"": ""M2J4wsTcEo3IcULZDRNyM"", ""section_edges"": [""reactflow__edge-M2J4wsTcEo3IcULZDRNyMz2-_hYN0gEi9BL24nptEtXWUy1""]}"
cyber-security,R3,False,cyber-security:gSLr-Lc119eX9Ig-kDzJ2,topic,Networking Knowledge,cyber-security:tf0TymdPHbplDHvuVIIh4,NTP,"{""section"": ""M2J4wsTcEo3IcULZDRNyM"", ""section_edges"": [""reactflow__edge-M2J4wsTcEo3IcULZDRNyMz2-_hYN0gEi9BL24nptEtXWUy1""]}"
cyber-security,R3,False,cyber-security:gSLr-Lc119eX9Ig-kDzJ2,topic,Networking Knowledge,cyber-security:hN8p5YBcSaPm-byQUIz8L,IPAM,"{""section"": ""M2J4wsTcEo3IcULZDRNyM"", ""section_edges"": [""reactflow__edge-M2J4wsTcEo3IcULZDRNyMz2-_hYN0gEi9BL24nptEtXWUy1""]}"
cyber-security,R2,False,cyber-security:RfVcN1i-70yq4bEAcm-Ry,label,Network Topologies,cyber-security:P0ZhAXd_H-mTOMr13Ag31,Star,"{""section"": ""HJ1wroQw_zvdE0HORyOck""}"
cyber-security,R2,False,cyber-security:RfVcN1i-70yq4bEAcm-Ry,label,Network Topologies,cyber-security:9vEUVJ8NTh0wKyIE6-diY,Ring,"{""section"": ""HJ1wroQw_zvdE0HORyOck""}"
cyber-security,R2,False,cyber-security:RfVcN1i-70yq4bEAcm-Ry,label,Network Topologies,cyber-security:PYeF15e7iVB9seFrrO7W6,Mesh,"{""section"": ""HJ1wroQw_zvdE0HORyOck""}"
cyber-security,R2,False,cyber-security:RfVcN1i-70yq4bEAcm-Ry,label,Network Topologies,cyber-security:0DWh4WmLK_ENDuqQmQcu4,Bus,"{""section"": ""HJ1wroQw_zvdE0HORyOck""}"
cyber-security,R2,False,cyber-security:8He-lADSDdhv4-CjwRMlw,label,Network Protocols,cyber-security:8Mog890Lj-gVBpWa05EzT,SSH,"{""section"": ""6Dfk8Gt9DE8EYczCwEAyQ""}"
cyber-security,R2,False,cyber-security:8He-lADSDdhv4-CjwRMlw,label,Network Protocols,cyber-security:Ia6M1FKPNpqLDiWx7CwDh,RDP,"{""section"": ""6Dfk8Gt9DE8EYczCwEAyQ""}"
cyber-security,R2,False,cyber-security:8He-lADSDdhv4-CjwRMlw,label,Network Protocols,cyber-security:ftYYMxRpVer-jgSswHLNa,FTP,"{""section"": ""6Dfk8Gt9DE8EYczCwEAyQ""}"
cyber-security,R2,False,cyber-security:8He-lADSDdhv4-CjwRMlw,label,Network Protocols,cyber-security:YEy6o-clTBKZp1yOkLwNb,SFTP,"{""section"": ""6Dfk8Gt9DE8EYczCwEAyQ""}"
cyber-security,R2,False,cyber-security:8He-lADSDdhv4-CjwRMlw,label,Network Protocols,cyber-security:3Awm221OJHxXNLiL9yxfd,HTTP / HTTPS,"{""section"": ""6Dfk8Gt9DE8EYczCwEAyQ""}"
cyber-security,R2,False,cyber-security:8He-lADSDdhv4-CjwRMlw,label,Network Protocols,cyber-security:LKK1A5-xawA7yCIAWHS8P,SSL / TLS,"{""section"": ""6Dfk8Gt9DE8EYczCwEAyQ""}"
cyber-security,R2,False,cyber-security:CzZbiEbtngRNJOKbNQUxp,label,Common Virtualization Technologies,cyber-security:AjywuCZdBi9atGUbetlUL,VMWare,"{""section"": ""g9i4uhgcbHRGZ0ttxfoBG""}"
cyber-security,R2,False,cyber-security:CzZbiEbtngRNJOKbNQUxp,label,Common Virtualization Technologies,cyber-security:BisNooct1vJDKaBKsGR7_,esxi,"{""section"": ""g9i4uhgcbHRGZ0ttxfoBG""}"
cyber-security,R2,False,cyber-security:CzZbiEbtngRNJOKbNQUxp,label,Common Virtualization Technologies,cyber-security:vGVFhZXYOZOy4qFpLLbxp,VirtualBox,"{""section"": ""g9i4uhgcbHRGZ0ttxfoBG""}"
cyber-security,R2,False,cyber-security:CzZbiEbtngRNJOKbNQUxp,label,Common Virtualization Technologies,cyber-security:jqX1A5hFF3Qznqup4lfiF,proxmox,"{""section"": ""g9i4uhgcbHRGZ0ttxfoBG""}"
cyber-security,R2,False,cyber-security:eDe7z_-RSBCCZBl9isKFl,label,Basics of Virtualization,cyber-security:CIoLaRv5I3sCr9tBnZHEi,Hypervisor,"{""section"": ""bmLWcL3CqdiLYUdmKi93B""}"
cyber-security,R2,False,cyber-security:eDe7z_-RSBCCZBl9isKFl,label,Basics of Virtualization,cyber-security:p7w3C94xjLwSMm5qA8XlL,HostOS,"{""section"": ""bmLWcL3CqdiLYUdmKi93B""}"
cyber-security,R2,False,cyber-security:eDe7z_-RSBCCZBl9isKFl,label,Basics of Virtualization,cyber-security:251sxqoHggQ4sZ676iX5w,VM,"{""section"": ""bmLWcL3CqdiLYUdmKi93B""}"
cyber-security,R2,False,cyber-security:eDe7z_-RSBCCZBl9isKFl,label,Basics of Virtualization,cyber-security:LocGETHz6ANYinNd5ZLsS,GuestOS,"{""section"": ""bmLWcL3CqdiLYUdmKi93B""}"
cyber-security,R2,False,cyber-security:OdqcE-If6coh0i2C2ob4Z,label,Troubleshooting Tools,cyber-security:tk4iG5i1Ml9w9KRO1tGJU,nslookup,"{""section"": ""4_8vkR5-Zgzx5l9vbEpM0""}"
cyber-security,R2,False,cyber-security:OdqcE-If6coh0i2C2ob4Z,label,Troubleshooting Tools,cyber-security:jr8JlyqmN3p7Ol3_kD9AH,iptables,"{""section"": ""4_8vkR5-Zgzx5l9vbEpM0""}"
cyber-security,R2,False,cyber-security:OdqcE-If6coh0i2C2ob4Z,label,Troubleshooting Tools,cyber-security:k6UX0BJho5arjGD2RWPgH,Packet Sniffers,"{""section"": ""4_8vkR5-Zgzx5l9vbEpM0""}"
cyber-security,R2,False,cyber-security:OdqcE-If6coh0i2C2ob4Z,label,Troubleshooting Tools,cyber-security:xqwIEyGfdZFxk6QqbPswe,nmap,"{""section"": ""4_8vkR5-Zgzx5l9vbEpM0""}"
cyber-security,R2,False,cyber-security:OdqcE-If6coh0i2C2ob4Z,label,Troubleshooting Tools,cyber-security:u-6xuZUyOrogh1bU4cwER,ipconfig,"{""section"": ""4_8vkR5-Zgzx5l9vbEpM0""}"
cyber-security,R2,False,cyber-security:OdqcE-If6coh0i2C2ob4Z,label,Troubleshooting Tools,cyber-security:GuuY-Q6FZzfspB3wrH64r,ping,"{""section"": ""4_8vkR5-Zgzx5l9vbEpM0""}"
cyber-security,R2,False,cyber-security:OdqcE-If6coh0i2C2ob4Z,label,Troubleshooting Tools,cyber-security:y8GaUNpaCT1Ai88wPOk6d,tcpdump,"{""section"": ""4_8vkR5-Zgzx5l9vbEpM0""}"
cyber-security,R2,False,cyber-security:OdqcE-If6coh0i2C2ob4Z,label,Troubleshooting Tools,cyber-security:cSz9Qx3PGwmhq3SSKYKfg,tracert,"{""section"": ""4_8vkR5-Zgzx5l9vbEpM0""}"
cyber-security,R2,False,cyber-security:OdqcE-If6coh0i2C2ob4Z,label,Troubleshooting Tools,cyber-security:xFuWk7M-Vctk_xb7bHbWs,route,"{""section"": ""4_8vkR5-Zgzx5l9vbEpM0""}"
cyber-security,R2,False,cyber-security:OdqcE-If6coh0i2C2ob4Z,label,Troubleshooting Tools,cyber-security:2M3PRbGzo14agbEPe32ww,netstat,"{""section"": ""4_8vkR5-Zgzx5l9vbEpM0""}"
cyber-security,R2,False,cyber-security:OdqcE-If6coh0i2C2ob4Z,label,Troubleshooting Tools,cyber-security:D2YYv1iTRGken75sHO0Gt,dig,"{""section"": ""4_8vkR5-Zgzx5l9vbEpM0""}"
cyber-security,R2,False,cyber-security:OdqcE-If6coh0i2C2ob4Z,label,Troubleshooting Tools,cyber-security:hkO3Ga6KctKODr4gos6qX,arp,"{""section"": ""4_8vkR5-Zgzx5l9vbEpM0""}"
cyber-security,R2,False,cyber-security:OdqcE-If6coh0i2C2ob4Z,label,Troubleshooting Tools,cyber-security:iJRQHzh5HXADuWpCouwxv,Port Scanners,"{""section"": ""4_8vkR5-Zgzx5l9vbEpM0""}"
cyber-security,R2,False,cyber-security:OdqcE-If6coh0i2C2ob4Z,label,Troubleshooting Tools,cyber-security:K05mEAsjImyPge0hDtsU0,Protocol Analyzers,"{""section"": ""4_8vkR5-Zgzx5l9vbEpM0""}"
cyber-security,R2,False,cyber-security:RB-mm3jkLiiEbUthZ3iAt,label,Authentication Methodologies,cyber-security:lG6afUOx3jSQFxbH92otL,Kerberos,"{""section"": ""A_c4jiw7VKOHek-PZTrqu""}"
cyber-security,R2,False,cyber-security:RB-mm3jkLiiEbUthZ3iAt,label,Authentication Methodologies,cyber-security:tH3RLnJseqOzRIbZMklHD,RADIUS,"{""section"": ""A_c4jiw7VKOHek-PZTrqu""}"
cyber-security,R2,False,cyber-security:RB-mm3jkLiiEbUthZ3iAt,label,Authentication Methodologies,cyber-security:WXRaVCYwuGQsjJ5wyvbea,Certificates,"{""section"": ""A_c4jiw7VKOHek-PZTrqu""}"
cyber-security,R2,False,cyber-security:RB-mm3jkLiiEbUthZ3iAt,label,Authentication Methodologies,cyber-security:vYvFuz7lAJXZ1vK_4999a,Local Auth,"{""section"": ""A_c4jiw7VKOHek-PZTrqu""}"
cyber-security,R2,False,cyber-security:RB-mm3jkLiiEbUthZ3iAt,label,Authentication Methodologies,cyber-security:lV3swvD6QGLmD9iVfbKIF,LDAP,"{""section"": ""A_c4jiw7VKOHek-PZTrqu""}"
cyber-security,R2,False,cyber-security:RB-mm3jkLiiEbUthZ3iAt,label,Authentication Methodologies,cyber-security:xL32OqDKm6O043TYgVV1r,SSO,"{""section"": ""A_c4jiw7VKOHek-PZTrqu""}"
cyber-security,R1,True,cyber-security:_hYN0gEi9BL24nptEtXWU,topic,Security Skills and Knowledge,cyber-security:XwRCZf-yHJsXVjaRfb3R4,False Negative / False Positive,"{""siblings_with_explicit_parent"": [""7tDxTcKJNAUxbHLPCnPFO""]}"
cyber-security,R1,True,cyber-security:_hYN0gEi9BL24nptEtXWU,topic,Security Skills and Knowledge,cyber-security:M6uwyD4ibguxytf1od-og,True Negative / True Positive,"{""siblings_with_explicit_parent"": [""7tDxTcKJNAUxbHLPCnPFO""]}"
cyber-security,R1,True,cyber-security:_hYN0gEi9BL24nptEtXWU,topic,Security Skills and Knowledge,cyber-security:wN5x5pY53B8d0yopa1z8F,"Basics of Threat Intel, OSINT","{""siblings_with_explicit_parent"": [""7tDxTcKJNAUxbHLPCnPFO""]}"
cyber-security,R1,True,cyber-security:_hYN0gEi9BL24nptEtXWU,topic,Security Skills and Knowledge,cyber-security:zQx_VUS1zRmF4zCGjJD5-,Understand Handshakes,"{""siblings_with_explicit_parent"": [""7tDxTcKJNAUxbHLPCnPFO""]}"
cyber-security,R1,True,cyber-security:_hYN0gEi9BL24nptEtXWU,topic,Security Skills and Knowledge,cyber-security:uz6ELaLEu9U4fHVfnQiOa,Understand CIA Triad,"{""siblings_with_explicit_parent"": [""7tDxTcKJNAUxbHLPCnPFO""]}"
cyber-security,R1,True,cyber-security:_hYN0gEi9BL24nptEtXWU,topic,Security Skills and Knowledge,cyber-security:cvI8-sxY5i8lpelW9iY_5,Privilege Escalation,"{""siblings_with_explicit_parent"": [""7tDxTcKJNAUxbHLPCnPFO""]}"
cyber-security,R1,True,cyber-security:_hYN0gEi9BL24nptEtXWU,topic,Security Skills and Knowledge,cyber-security:fyOYVqiBqyKC4aqc6-y0q,Web Based Attacks and OWASP10,"{""siblings_with_explicit_parent"": [""7tDxTcKJNAUxbHLPCnPFO""]}"
cyber-security,R1,True,cyber-security:_hYN0gEi9BL24nptEtXWU,topic,Security Skills and Knowledge,cyber-security:v7CD_sHqLWbm9ibXXESIK,Learn how Malware works and Types,"{""siblings_with_explicit_parent"": [""7tDxTcKJNAUxbHLPCnPFO""]}"
cyber-security,R3,False,cyber-security:vVaBQ5VtsE_ZeXbCOF8ux,topic,Cloud Skills and Knowledge,cyber-security:ThLsXkqLw--uddHz0spCH,Understand the Concept of Security in the Cloud,"{""section"": ""FNyo1X9BP0v8GnBhPYXDR"", ""section_edges"": [""reactflow__edge-vVaBQ5VtsE_ZeXbCOF8uxx2-FNyo1X9BP0v8GnBhPYXDRw1""]}"
cyber-security,R3,False,cyber-security:vVaBQ5VtsE_ZeXbCOF8ux,topic,Cloud Skills and Knowledge,cyber-security:KGjYM4Onr5GQf1Yv9IabI,Understand the differences between cloud and on-premises,"{""section"": ""FNyo1X9BP0v8GnBhPYXDR"", ""section_edges"": [""reactflow__edge-vVaBQ5VtsE_ZeXbCOF8uxx2-FNyo1X9BP0v8GnBhPYXDRw1""]}"
cyber-security,R3,False,cyber-security:vVaBQ5VtsE_ZeXbCOF8ux,topic,Cloud Skills and Knowledge,cyber-security:RJctUpvlUJGAdwBNtDSXw,Understand the concept of Infrastructure as Code,"{""section"": ""FNyo1X9BP0v8GnBhPYXDR"", ""section_edges"": [""reactflow__edge-vVaBQ5VtsE_ZeXbCOF8uxx2-FNyo1X9BP0v8GnBhPYXDRw1""]}"
cyber-security,R3,False,cyber-security:vVaBQ5VtsE_ZeXbCOF8ux,topic,Cloud Skills and Knowledge,cyber-security:-83ltMEl3le3yD68OFnTM,Understand the Concept of Serverless,"{""section"": ""FNyo1X9BP0v8GnBhPYXDR"", ""section_edges"": [""reactflow__edge-vVaBQ5VtsE_ZeXbCOF8uxx2-FNyo1X9BP0v8GnBhPYXDRw1""]}"
cyber-security,R3,False,cyber-security:vVaBQ5VtsE_ZeXbCOF8ux,topic,Cloud Skills and Knowledge,cyber-security:XL3FVeGFDhAl_gSol6Tjt,Understand the basics and general flow of deploying in the cloud,"{""section"": ""FNyo1X9BP0v8GnBhPYXDR"", ""section_edges"": [""reactflow__edge-vVaBQ5VtsE_ZeXbCOF8uxx2-FNyo1X9BP0v8GnBhPYXDRw1""]}"
cyber-security,R2,False,cyber-security:RhWmIPPDg5ajNUwyB9p0A,label,Understand Cloud Services,cyber-security:sVw5KVNxPEatBRKb2ZbS_,SaaS,"{""section"": ""QKWwtq6kqGgcMh63Zy4Va""}"
cyber-security,R2,False,cyber-security:RhWmIPPDg5ajNUwyB9p0A,label,Understand Cloud Services,cyber-security:PQ_np6O-4PK2V-r5lywQg,PaaS,"{""section"": ""QKWwtq6kqGgcMh63Zy4Va""}"
cyber-security,R2,False,cyber-security:RhWmIPPDg5ajNUwyB9p0A,label,Understand Cloud Services,cyber-security:1nPifNUm-udLChIqLC_uK,IaaS,"{""section"": ""QKWwtq6kqGgcMh63Zy4Va""}"
cyber-security,R2,False,cyber-security:rCZEv0M3YolFtqx8mKEJF,label,Cloud Models,cyber-security:ecpMKP1cQXXsfKETDUrSf,Private,"{""section"": ""YyqMiJgEQTkM8snOlZQVr""}"
cyber-security,R2,False,cyber-security:rCZEv0M3YolFtqx8mKEJF,label,Cloud Models,cyber-security:ZDj7KBuyZsKyEMZViMoXW,Public,"{""section"": ""YyqMiJgEQTkM8snOlZQVr""}"
cyber-security,R2,False,cyber-security:rCZEv0M3YolFtqx8mKEJF,label,Cloud Models,cyber-security:ywRlTuTfh5-NHnv4ZyW1t,Hybrid,"{""section"": ""YyqMiJgEQTkM8snOlZQVr""}"
cyber-security,R2,False,cyber-security:ZHcNHw2IB3VOdO7I0lgV4,label,Common Cloud Environments,cyber-security:0LztOTc3NG3OujCVwlcVU,AWS,"{""section"": ""sxKISh5cBkQYtiLknLJsM""}"
cyber-security,R2,False,cyber-security:ZHcNHw2IB3VOdO7I0lgV4,label,Common Cloud Environments,cyber-security:tOLA5QPKi6LHl1ljsOMwX,GCP,"{""section"": ""sxKISh5cBkQYtiLknLJsM""}"
cyber-security,R2,False,cyber-security:ZHcNHw2IB3VOdO7I0lgV4,label,Common Cloud Environments,cyber-security:GklBi7Qx1akN_cS9UMrha,Azure,"{""section"": ""sxKISh5cBkQYtiLknLJsM""}"
cyber-security,R2,False,cyber-security:28r-hIOdH85SCDWl4y4LF,label,Common Cloud Storage,cyber-security:2jsTgT7k8MeaDtx6RJhOP,S3,"{""section"": ""0chjO1tLOWpFVXk3OEpgN""}"
cyber-security,R2,False,cyber-security:28r-hIOdH85SCDWl4y4LF,label,Common Cloud Storage,cyber-security:9OastXVfiG1YRMm68ecnn,Dropbox,"{""section"": ""0chjO1tLOWpFVXk3OEpgN""}"
cyber-security,R2,False,cyber-security:28r-hIOdH85SCDWl4y4LF,label,Common Cloud Storage,cyber-security:4Man3Bd-ySLFlAdxbLOHw,Box,"{""section"": ""0chjO1tLOWpFVXk3OEpgN""}"
cyber-security,R2,False,cyber-security:28r-hIOdH85SCDWl4y4LF,label,Common Cloud Storage,cyber-security:MWqnhDKm9jXvDDjkeVNxm,OneDrive,"{""section"": ""0chjO1tLOWpFVXk3OEpgN""}"
cyber-security,R2,False,cyber-security:28r-hIOdH85SCDWl4y4LF,label,Common Cloud Storage,cyber-security:Wqy6ki13hP5c0VhGYEhHj,iCloud,"{""section"": ""0chjO1tLOWpFVXk3OEpgN""}"
cyber-security,R2,False,cyber-security:28r-hIOdH85SCDWl4y4LF,label,Common Cloud Storage,cyber-security:fTZ4PqH-AMhYA_65w4wFO,Google Drive,"{""section"": ""0chjO1tLOWpFVXk3OEpgN""}"
software-design-architecture,R2,False,software-design-architecture:9slZPeVCSqU5-5PqaNJOh,label,Paradigm Features,software-design-architecture:RMkEE7c0jdVFqZ4fmjL6Y,Abstract Classes,"{""section"": ""VThkejHxNxNQgqjwDN67c""}"
software-design-architecture,R2,False,software-design-architecture:9slZPeVCSqU5-5PqaNJOh,label,Paradigm Features,software-design-architecture:hd6GJ-H4p9I4aaiRTni57,Concrete Classes,"{""section"": ""VThkejHxNxNQgqjwDN67c""}"
software-design-architecture,R2,False,software-design-architecture:9slZPeVCSqU5-5PqaNJOh,label,Paradigm Features,software-design-architecture:b-YIbw-r-nESVt_PUFQeq,Scope / Visibility,"{""section"": ""VThkejHxNxNQgqjwDN67c""}"
software-design-architecture,R2,False,software-design-architecture:9slZPeVCSqU5-5PqaNJOh,label,Paradigm Features,software-design-architecture:SrcPhS4F7aT80qNjbv54f,Interfaces,"{""section"": ""VThkejHxNxNQgqjwDN67c""}"
software-design-architecture,R2,False,software-design-architecture:3eWirbQGbJZd4g7CS1xk_,label,Primary Principles,software-design-architecture:Dj36yLBShoazj7SAw6a_A,Inheritance,"{""section"": ""kLnJC5PdxpgmRU2X57V64""}"
software-design-architecture,R2,False,software-design-architecture:3eWirbQGbJZd4g7CS1xk_,label,Primary Principles,software-design-architecture:VA8FMrhF4non9x-J3urY8,Abstraction,"{""section"": ""kLnJC5PdxpgmRU2X57V64""}"
software-design-architecture,R2,False,software-design-architecture:3eWirbQGbJZd4g7CS1xk_,label,Primary Principles,software-design-architecture:4DVW4teisMz8-58XttMGt,Polymorphism,"{""section"": ""kLnJC5PdxpgmRU2X57V64""}"
software-design-architecture,R2,False,software-design-architecture:3eWirbQGbJZd4g7CS1xk_,label,Primary Principles,software-design-architecture:GJxfVjhiLuuc36hatx9dP,Encapsulation,"{""section"": ""kLnJC5PdxpgmRU2X57V64""}"
software-design-architecture,R5,False,software-design-architecture:9dMbo4Q1_Sd9wW6-HSCA9,topic,Design Principles,software-design-architecture:Izno7xX7wDvwPEg7f_d1Y,Composition over Inheritance,"{""lines"": [""efjRPzVNm00Fe6CC3LT1N""]}"
software-design-architecture,R5,False,software-design-architecture:9dMbo4Q1_Sd9wW6-HSCA9,topic,Design Principles,software-design-architecture:WzUhKlmFB9alTlAyV-MWJ,Hollywood Principle,"{""lines"": [""-yVW4ejTnj5vN8y0s_qTa""]}"
software-design-architecture,R5,False,software-design-architecture:9dMbo4Q1_Sd9wW6-HSCA9,topic,Design Principles,software-design-architecture:0rGdh72HjqPZa2bCbY9Gz,"Tell, don't ask","{""lines"": [""-yVW4ejTnj5vN8y0s_qTa""]}"
software-design-architecture,R5,False,software-design-architecture:9dMbo4Q1_Sd9wW6-HSCA9,topic,Design Principles,software-design-architecture:vnLhItObDgp_XaDmplBsJ,Law of Demeter,"{""lines"": [""-yVW4ejTnj5vN8y0s_qTa""]}"
software-design-architecture,R5,False,software-design-architecture:9dMbo4Q1_Sd9wW6-HSCA9,topic,Design Principles,software-design-architecture:3XckqZA--knUb8IYKOeVy,SOLID,"{""lines"": [""UJ14WYeOlnd8vkKhwqTjP""]}"
software-design-architecture,R5,False,software-design-architecture:9dMbo4Q1_Sd9wW6-HSCA9,topic,Design Principles,software-design-architecture:ltBnVWZ3UMAuUvDkU6o4P,DRY,"{""lines"": [""UJ14WYeOlnd8vkKhwqTjP""]}"
software-design-architecture,R5,False,software-design-architecture:9dMbo4Q1_Sd9wW6-HSCA9,topic,Design Principles,software-design-architecture:eEO-WeNIyjErBE53n8JsD,YAGNI,"{""lines"": [""UJ14WYeOlnd8vkKhwqTjP""]}"
software-design-architecture,R5,False,software-design-architecture:Jd79KXxZavpnp3mtE1q0n,topic,Design Patterns,software-design-architecture:hlHl00ELlK9YdnzHDGnEW,GoF Design Patterns,"{""lines"": [""VbFXAyIhGjJtHs_L0bXk3""]}"
software-design-architecture,R5,False,software-design-architecture:Jd79KXxZavpnp3mtE1q0n,topic,Design Patterns,software-design-architecture:6VoDGFOPHj5p_gvaZ8kTt,PoSA Patterns,"{""lines"": [""VbFXAyIhGjJtHs_L0bXk3""]}"
software-design-architecture,R5,False,software-design-architecture:dBq7ni-of5v1kxpdmh227,topic,Architectural Principles,software-design-architecture:8Bm0sRhUg6wZtnvtTmpgY,Component Principles,"{""lines"": [""3DjhvOMcTs6HwQkmnJyqS""]}"
software-design-architecture,R5,False,software-design-architecture:dBq7ni-of5v1kxpdmh227,topic,Architectural Principles,software-design-architecture:b_PvjjL2ZpEKETa5_bd0v,Policy vs Detail,"{""lines"": [""3DjhvOMcTs6HwQkmnJyqS""]}"
software-design-architecture,R5,False,software-design-architecture:dBq7ni-of5v1kxpdmh227,topic,Architectural Principles,software-design-architecture:TXus3R5vVQDBeBag6B5qs,Coupling and Cohesion,"{""lines"": [""3DjhvOMcTs6HwQkmnJyqS""]}"
software-design-architecture,R5,False,software-design-architecture:dBq7ni-of5v1kxpdmh227,topic,Architectural Principles,software-design-architecture:-Kw8hJhgQH2qInUFj2TUe,Boundaries,"{""lines"": [""3DjhvOMcTs6HwQkmnJyqS""]}"
software-design-architecture,R5,False,software-design-architecture:86Jw9kMBD7YP5nTV5jTz-,topic,Structural,software-design-architecture:a0geFJWl-vi3mYytTjYdb,Component-Based,"{""lines"": [""2uTlVYj9CvYcqtv9TN_8K""]}"
software-design-architecture,R5,False,software-design-architecture:86Jw9kMBD7YP5nTV5jTz-,topic,Structural,software-design-architecture:xYPR_X1KhBwdpqYzNJiuT,Monolithic,"{""lines"": [""2uTlVYj9CvYcqtv9TN_8K""]}"
software-design-architecture,R5,False,software-design-architecture:86Jw9kMBD7YP5nTV5jTz-,topic,Structural,software-design-architecture:IELEJcKYdZ6VN-UIq-Wln,Layered,"{""lines"": [""2uTlVYj9CvYcqtv9TN_8K""]}"
software-design-architecture,R1,True,software-design-architecture:gJYff_qD6XS3dg3I-jJFK,topic,Architectural Patterns,software-design-architecture:FysFru2FJN4d4gj11gv--,SOA,"{""siblings_with_explicit_parent"": [""-arChRC9zG2DBmuSTHW0J"", ""5WSvAA3h3lmelL53UJSMy"", ""CD20zA6k9FxUpMgHnNYRJ"", ""GAs6NHBkUgxan3hyPvVs7"", ""IU86cGkLPMXUJKvTBywPu"", ""K8X_-bsiy7gboInPzbiEb"", ""Kk7u2B67Fdg2sU8E_PGqr"", ""eJsCCURZAURCKnOK-XeQe"", ""r-Yeca-gpdFM8iq7f0lYQ""]}"
